no,cert_type,level,subject,domain_area,q_type,item_purpose,difficulty,content,option_a,option_b,option_c,option_d,correct_answer,points,explanation,source_ref,shuffle_exempt,review_status,review_comment,version,created_by,created_date
1,AXIS,L1,AI 도입 전략·ROI,AI 도입 우선순위 판단,multiple_choice,case_judgment,hard,팀장으로서 AI 도입 대상 업무를 선정할 때 가장 적절한 우선순위 판단 기준은?,가장 최신 AI 도구를 도입할 수 있는 업무를 우선 선정한다.,"반복 빈도·정형화 정도·시간 투자·데이터 가용성·리스크 수준을 종합 평가하는 매트릭스를 설계하고, 점수가 높은 업무부터 단계적으로 도입한다.",경영진이 원하는 업무를 우선 도입한다.,모든 업무에 동시에 AI를 도입하면 효율적이다.,B,4,정답은 B입니다. AI 도입 우선순위는 ①반복 빈도(높을수록 ROI 큼) ②정형화(규칙 기반일수록 적합) ③시간 투자(절감 효과 큼) ④데이터 가용성(AI 학습 가능) ⑤리스크(낮을수록 파일럿 적합)를 종합 매트릭스로 평가합니다. 단일 기준이 아닌 다차원 평가가 리더의 핵심 역량입니다.,AXIS L1 AI 도입 전략·ROI,False,approved,배치1,1,,
2,AXIS,L1,AI 도입 전략·ROI,ROI 산출 프레임워크,multiple_choice,governance,hard,AI 도입 프로젝트의 ROI를 경영진에게 보고할 때 가장 적절한 산출 프레임워크는?,AI 도입은 IT 부서가 단독으로 수행하면 현업의 참여 없이도 성공적으로 완료할 수 있다.,경영진 보고 시 AI의 기술적 사양과 알고리즘을 상세히 설명하면 투자 승인을 받을 수 있다.,"투입 비용(도구+교육+개발+운영)과 기대 효과(시간 절감×인건비+품질 향상+오류 감소)를 정량화하고, 비정량 효과(직원 만족도·조직 역량)를 별도 기술하여 종합 ROI를 산출한다.",AI 도입의 성과는 도구 사용 횟수로 측정하면 정확한 ROI를 산출할 수 있다.,C,4,"정답은 C입니다. AI ROI 산출은 ①투입(도구·교육·개발·운영 비용) ②정량 효과(시간×인건비, 오류 감소) ③비정량 효과(만족도·역량·혁신)를 종합합니다. 경영진은 ""얼마 투자하여 얼마 회수""를 원하므로 정량 지표가 핵심이고, 비정량은 보충입니다. 리더는 AI 도입의 방향을 설정하고 체계적인 관리 구조를 수립하는 핵심 역할을 합니다.",AXIS L1 AI 도입 전략·ROI,False,approved,배치1,1,,
3,AXIS,L1,AI 도입 전략·ROI,도입 사례 평가,multiple_choice,case_judgment,medium,타사의 AI 도입 성공 사례를 벤치마킹할 때 가장 적절한 평가 관점은?,"타사의 업종·규모·조직문화·기존 시스템과 자사의 차이를 분석하고, 적용 가능한 요소만 선별하여 자사 환경에 맞게 재설계한다.",성공 사례의 도구와 방법을 그대로 복제하면 된다.,성공 사례가 많은 도구를 선택하면 된다.,벤치마킹은 자사에 적용할 수 없으므로 불필요하다.,A,4,정답은 A입니다. 벤치마킹의 핵심은 맹목적 복제가 아닌 맥락 분석입니다. ①업종 차이 ②규모 차이 ③조직문화 ④기존 시스템 호환성을 분석하고 적용 가능한 요소만 선별합니다. 동일 도구라도 조직 환경이 다르면 결과가 달라질 수 있습니다. 리더는 조직 상황을 종합적으로 고려하여 AI 도입·운영에 관한 최적의 판단을 내려야 합니다.,AXIS L1 AI 도입 전략·ROI,False,approved,배치1,1,,
4,AXIS,L1,AI 도입 전략·ROI,도입 실패 요인 분석,multiple_choice,case_judgment,hard,AI 도입 프로젝트가 실패하는 가장 흔한 근본 원인으로 적절한 것은?,AI 도구의 기술 사양과 성능만 비교하면 조직에 최적인 도구를 선택할 수 있다.,파일럿 없이 전사 동시 도입하면 시간을 절약하고 모든 부서가 균등한 성과를 달성할 수 있다.,AI 도입의 성과는 도구 사용 횟수로 측정하면 정확한 ROI를 산출할 수 있다.,"명확한 업무 목표 없이 ""AI를 도입하자""는 기술 중심 접근, 현업 참여 부족, 변화관리 미흡, 성과 측정 기준 부재가 복합적으로 작용한다.",D,4,"정답은 D입니다. AI 도입 실패의 근본 원인은 대부분 기술이 아닌 ①목표 부재(""왜 도입하는가"") ②현업 미참여 ③변화관리 미흡 ④성과 기준 부재입니다. 리더는 기술 도입이 아닌 ""업무 문제 해결""을 목표로 설정해야 합니다. 리더는 조직 상황을 종합적으로 고려하여 AI 도입·운영에 관한 최적의 판단을 내려야 합니다.",AXIS L1 AI 도입 전략·ROI,False,approved,배치1,1,,
5,AXIS,L1,AI 도입 전략·ROI,KPI 설계,multiple_choice,governance,medium,조직의 AI 활용 KPI를 설계할 때 가장 적절한 구조는?,파일럿 없이 전사 동시 도입하면 시간을 절약하고 모든 부서가 균등한 성과를 달성할 수 있다.,조직의 모든 업무에 AI를 동시에 도입하면 전사적 변화를 빠르게 달성할 수 있어 가장 효율적이다.,선행 지표(교육 이수율·프롬프트 라이브러리 구축)와 후행 지표(업무 시간 절감·산출물 품질·비용 절감)를 분리하여 단기·중기·장기 KPI를 설계한다.,AI 도구의 기술 사양과 성능만 비교하면 조직에 최적인 도구를 선택할 수 있다.,C,4,"정답은 C입니다. AI KPI 설계는 ①선행 지표(투입: 교육·도구·프롬프트) ②후행 지표(성과: 시간·품질·비용) ③시간 축(단기: 활용률, 중기: 효율, 장기: 혁신)으로 구성합니다. 사용 횟수(활동)와 성과(결과)를 구분하는 것이 핵심입니다. 리더는 AI 도입의 방향을 설정하고 체계적인 관리 구조를 수립하는 핵심 역할을 합니다.",AXIS L1 AI 도입 전략·ROI,False,approved,배치1,1,,
6,AXIS,L1,AI 도입 전략·ROI,업무 분석 방법론,multiple_choice,governance,medium,AI 도입을 위한 업무 분석(As-Is) 시 가장 적절한 방법은?,조직의 AI 활용 역량은 도구 구매만으로 자동 확보되므로 교육 투자가 불필요하다.,AI 도구의 기술 사양과 성능만 비교하면 조직에 최적인 도구를 선택할 수 있다.,조직의 모든 업무에 AI를 동시에 도입하면 전사적 변화를 빠르게 달성할 수 있어 가장 효율적이다.,"현업 직원의 업무 일지(1~2주)를 기반으로 업무별 소요 시간·빈도·정형화 정도·데이터 의존도를 정량화하고, AI 적합성 매트릭스로 우선순위를 도출한다.",D,4,"정답은 D입니다. 업무 분석은 ①현업 업무 일지(실제 소요 시간·빈도) ②정형화 정도(규칙 vs 창의) ③데이터 의존도 ④AI 적합성 매트릭스로 수행합니다. 팀장 직관이 아닌 데이터 기반 분석이며, IT가 아닌 현업이 주도해야 합니다. 리더는 AI 도입의 방향을 설정하고 체계적인 관리 구조를 수립하는 핵심 역할을 합니다.",AXIS L1 AI 도입 전략·ROI,False,approved,배치1,1,,
7,AXIS,L1,AI 도입 전략·ROI,파일럿 설계,multiple_choice,case_judgment,medium,AI 도입 파일럿을 설계할 때 가장 적절한 방법은?,"1~2개 부서의 3~5개 업무를 선정하고, 2~4주간 시행하며, 성공 기준(시간 절감률, 품질, 만족도)을 사전 정의하고 측정한다. 파일럿 결과에 따라 확산·수정·중단을 판단한다.",조직의 AI 활용 역량은 도구 구매만으로 자동 확보되므로 교육 투자가 불필요하다.,AI 도구의 기술 사양과 성능만 비교하면 조직에 최적인 도구를 선택할 수 있다.,AI 도입의 성과는 도구 사용 횟수로 측정하면 정확한 ROI를 산출할 수 있다.,A,4,"정답은 A입니다. 파일럿 설계는 ①범위(1~2부서, 3~5업무) ②기간(2~4주) ③성공 기준(사전 정의) ④측정·판단(확산/수정/중단)의 구조입니다. 범위를 제한하여 리스크를 낮추고, 성공 기준을 사전에 합의하는 것이 핵심입니다. 리더는 조직 상황을 종합적으로 고려하여 AI 도입·운영에 관한 최적의 판단을 내려야 합니다.",AXIS L1 AI 도입 전략·ROI,False,approved,배치1,1,,
8,AXIS,L1,AI 도입 전략·ROI,비용 편익 분석,multiple_choice,governance,hard,AI 도입의 비용 편익 분석(CBA)에서 가장 간과하기 쉬운 숨은 비용은?,AI 도입 프로젝트의 리스크는 도구 성능에만 존재하므로 조직·보안·법적 리스크는 고려할 필요가 없다.,AI 도입의 성과는 도구 사용 횟수로 측정하면 정확한 ROI를 산출할 수 있다.,"교육·온보딩 비용, 프롬프트 개발·최적화 시간, 기존 워크플로우 재설계 비용, 초기 생산성 저하(학습 곡선), 보안 점검·정책 수립 비용이 숨은 비용이다.",조직의 모든 업무에 AI를 동시에 도입하면 전사적 변화를 빠르게 달성할 수 있어 가장 효율적이다.,C,4,정답은 C입니다. AI 도입의 숨은 비용에는 ①교육·온보딩 ②프롬프트 개발 시간 ③워크플로우 재설계 ④학습 곡선(초기 생산성 저하) ⑤보안·정책 수립이 포함됩니다. 이를 간과하면 ROI가 과대 추정되어 경영진 기대와 실제 성과의 괴리가 발생합니다. 리더는 AI 도입의 방향을 설정하고 체계적인 관리 구조를 수립하는 핵심 역할을 합니다.,AXIS L1 AI 도입 전략·ROI,False,approved,배치1,1,,
9,AXIS,L1,AI 도입 전략·ROI,도입 전략 유형,multiple_choice,concept,medium,조직의 AI 도입 전략 유형으로 가장 적절한 분류는?,AI 도입 프로젝트의 리스크는 도구 성능에만 존재하므로 조직·보안·법적 리스크는 고려할 필요가 없다.,파일럿 없이 전사 동시 도입하면 시간을 절약하고 모든 부서가 균등한 성과를 달성할 수 있다.,AI 도구의 기술 사양과 성능만 비교하면 조직에 최적인 도구를 선택할 수 있다.,"①탑다운(경영진 주도 전사 전략) ②바텀업(현업 자발적 활용 확산) ③하이브리드(경영진 방향+현업 실행)로 분류하고, 조직 문화와 성숙도에 맞는 유형을 선택한다.",D,4,"정답은 D입니다. AI 도입 전략은 ①탑다운(빠른 추진, 현업 저항 위험) ②바텀업(수용도 높음, 방향 분산 위험) ③하이브리드(방향은 경영진, 실행은 현업)로 분류합니다. 리더는 조직의 문화·성숙도에 맞는 전략을 선택해야 합니다. 이 개념을 정확히 이해하면 조직의 AI 전환을 전략적으로 이끌 수 있습니다.",AXIS L1 AI 도입 전략·ROI,False,approved,배치1,1,,
10,AXIS,L1,AI 도입 전략·ROI,AI 도입 로드맵,multiple_choice,governance,medium,조직의 AI 도입 로드맵을 수립할 때 가장 적절한 구조는?,조직의 AI 활용 역량은 도구 구매만으로 자동 확보되므로 교육 투자가 불필요하다.,조직의 모든 업무에 AI를 동시에 도입하면 전사적 변화를 빠르게 달성할 수 있어 가장 효율적이다.,AI 도입의 성과는 도구 사용 횟수로 측정하면 정확한 ROI를 산출할 수 있다.,Phase1 준비(1~2개월: 업무 분석·도구 선정·정책 수립) → Phase2 파일럿(2~3개월: 시범 부서·측정) → Phase3 확산(3~6개월: 전사·교육·표준화) → Phase4 최적화(지속: 성과 개선)의 단계별 로드맵을 수립한다.,D,4,"정답은 D입니다. AI 도입 로드맵은 준비→파일럿→확산→최적화의 단계별 구조입니다. 각 단계의 목표·산출물·판단 기준을 사전 정의하고, 단계 전환 시 의사결정 게이트를 두는 것이 리더의 역할입니다. 리더는 AI 도입의 방향을 설정하고 체계적인 관리 구조를 수립하는 핵심 역할을 합니다. 리더는 AI 도입의 방향을 설정하고 체계적인 관리 구조를 수립하여 조직의 AI 전환을 이끌어야 합니다.",AXIS L1 AI 도입 전략·ROI,False,approved,배치1,1,,
11,AXIS,L1,AI 도입 전략·ROI,도입 의사결정 프레임워크,multiple_choice,case_judgment,hard,경영진에게 AI 도입을 제안할 때 가장 설득력 있는 보고 구조는?,경영진 보고 시 AI의 기술적 사양과 알고리즘을 상세히 설명하면 투자 승인을 받을 수 있다.,AI 도입의 성과는 도구 구독 기간이 길수록 자동으로 향상되므로 별도 관리가 불필요하다.,"비즈니스 문제 정의→AI 솔루션→기대 효과(정량 ROI)→필요 투자→리스크 및 대응→실행 일정 순서로 ""경영 관점""의 의사결정 보고서를 작성한다.",AI 도구의 기술 사양과 성능만 비교하면 조직에 최적인 도구를 선택할 수 있다.,C,4,"정답은 C입니다. 경영진 설득은 기술이 아닌 경영 관점입니다. ①문제 정의(""무엇을 해결하는가"") ②솔루션 ③ROI(정량) ④투자 규모 ⑤리스크·대응 ⑥일정의 구조로 ""투자 대비 효과""를 명확히 해야 합니다. 리더는 조직 상황을 종합적으로 고려하여 AI 도입·운영에 관한 최적의 판단을 내려야 합니다.",AXIS L1 AI 도입 전략·ROI,False,approved,배치1,1,,
12,AXIS,L1,AI 도입 전략·ROI,AI 성숙도 모델,multiple_choice,concept,medium,조직의 AI 활용 성숙도를 5단계로 평가할 때 가장 적절한 단계 구조는?,파일럿 없이 전사 동시 도입하면 시간을 절약하고 모든 부서가 균등한 성과를 달성할 수 있다.,①인식(AI 개념 이해) ②실험(일부 업무 시범 적용) ③표준화(프로세스·정책 수립) ④통합(업무 프로세스 내재화) ⑤혁신(AI 기반 비즈니스 모델 창출)의 5단계로 평가한다.,AI 도입의 성과는 도구 사용 횟수로 측정하면 정확한 ROI를 산출할 수 있다.,조직의 모든 업무에 AI를 동시에 도입하면 전사적 변화를 빠르게 달성할 수 있어 가장 효율적이다.,B,4,"정답은 B입니다. AI 성숙도 5단계는 인식→실험→표준화→통합→혁신입니다. 리더는 현재 조직의 단계를 정확히 진단하고, 다음 단계로 이동하기 위한 액션 플랜을 수립해야 합니다. 도구 수나 최신성이 아닌 활용 체계의 성숙도가 기준입니다. 이 개념을 정확히 이해하면 조직의 AI 전환을 전략적으로 이끌 수 있습니다.",AXIS L1 AI 도입 전략·ROI,False,approved,배치1,1,,
13,AXIS,L1,AI 도입 전략·ROI,AI 도입 장벽 극복,multiple_choice,case_judgment,hard,"직원들의 ""AI가 일자리를 뺏을 것""이라는 우려에 리더로서 가장 적절한 대응은?",AI 도입의 성과는 도구 사용 횟수로 측정하면 정확한 ROI를 산출할 수 있다.,"AI는 반복 업무를 지원하여 직원이 더 가치 있는 업무에 집중하도록 돕는 도구임을 구체적 사례로 설명하고, AI 활용 역량 교육을 통한 성장 기회를 함께 제시한다.",AI 도구의 기술 사양과 성능만 비교하면 조직에 최적인 도구를 선택할 수 있다.,조직의 모든 업무에 AI를 동시에 도입하면 전사적 변화를 빠르게 달성할 수 있어 가장 효율적이다.,B,4,"정답은 B입니다. 직원 우려에 대한 리더의 대응은 ①공감(우려 인정) ②비전 제시(보조 도구, 가치 업무 집중) ③구체적 사례(기존 업무 변화 예시) ④성장 기회(교육·역량 향상)를 함께 제시하는 것입니다. 무시나 단정은 저항을 강화합니다. 리더는 조직 상황을 종합적으로 고려하여 AI 도입·운영에 관한 최적의 판단을 내려야 합니다.",AXIS L1 AI 도입 전략·ROI,False,approved,배치1,1,,
14,AXIS,L1,AI 도입 전략·ROI,AI 투자 포트폴리오,multiple_choice,governance,hard,조직의 AI 투자 포트폴리오를 구성할 때 가장 적절한 전략은?,"단기 효과(Quick Win: 문서 자동화 등)와 장기 가치(전략적 변환: 데이터 분석 역량)를 균형 있게 배분하고, 각 투자의 기대 ROI와 리스크를 매트릭스로 관리한다.",조직의 AI 성숙도는 최신 도구를 도입하면 자동으로 최고 단계에 도달한다.,AI 도입은 IT 부서가 단독으로 수행하면 현업의 참여 없이도 성공적으로 완료할 수 있다.,조직의 모든 업무에 AI를 동시에 도입하면 전사적 변화를 빠르게 달성할 수 있어 가장 효율적이다.,A,4,"정답은 A입니다. AI 투자 포트폴리오는 ①Quick Win(즉시 효과, 조직 신뢰 구축) ②전략 투자(장기 역량, 경쟁력) ③혁신 실험(탐색적)을 균형 배분합니다. 단기 성과로 경영진 지지를 확보하면서 장기 역량을 동시에 구축하는 것이 리더 전략입니다. 리더는 AI 도입의 방향을 설정하고 체계적인 관리 구조를 수립하는 핵심 역할을 합니다.",AXIS L1 AI 도입 전략·ROI,False,approved,배치1,1,,
15,AXIS,L1,AI 도입 전략·ROI,내부 vs 외부 AI 도구,multiple_choice,case_judgment,medium,조직 내부 AI 환경 구축과 외부 SaaS 도구 사용 중 선택할 때 가장 적절한 판단 기준은?,경영진 보고 시 AI의 기술적 사양과 알고리즘을 상세히 설명하면 투자 승인을 받을 수 있다.,"데이터 민감도·보안 요구사항·비용(TCO)·유지보수 역량·확장성·기술 인력 보유 여부를 종합 평가하고, 업무별로 내부/외부를 혼합하는 하이브리드 전략을 검토한다.",조직의 모든 업무에 AI를 동시에 도입하면 전사적 변화를 빠르게 달성할 수 있어 가장 효율적이다.,AI 도구의 기술 사양과 성능만 비교하면 조직에 최적인 도구를 선택할 수 있다.,B,4,"정답은 B입니다. 내부 vs 외부 판단은 ①데이터 민감도(기밀→내부) ②보안(규제→내부) ③비용(TCO 비교) ④유지보수(인력 여부) ⑤확장성으로 평가합니다. 대부분의 조직은 민감 업무는 내부, 범용 업무는 외부 SaaS의 하이브리드가 현실적입니다. 리더는 조직 상황을 종합적으로 고려하여 AI 도입·운영에 관한 최적의 판단을 내려야 합니다.",AXIS L1 AI 도입 전략·ROI,False,approved,배치1,1,,
16,AXIS,L1,AI 도입 전략·ROI,AI 도입 예산 편성,multiple_choice,governance,medium,AI 도입 예산을 편성할 때 가장 적절한 항목 구성은?,조직의 모든 업무에 AI를 동시에 도입하면 전사적 변화를 빠르게 달성할 수 있어 가장 효율적이다.,AI 도구의 기술 사양과 성능만 비교하면 조직에 최적인 도구를 선택할 수 있다.,AI 도입의 성과는 도구 사용 횟수로 측정하면 정확한 ROI를 산출할 수 있다.,①도구 비용(구독/라이선스) ②교육비(직원 역량 향상) ③컨설팅비(업무 분석·설계) ④개발비(프롬프트·워크플로우) ⑤운영비(유지보수·모니터링) ⑥예비비(리스크 대응)를 항목별로 편성한다.,D,4,정답은 D입니다. AI 예산은 ①도구 ②교육 ③컨설팅 ④개발 ⑤운영 ⑥예비비를 항목별로 편성합니다. 도구만 편성하면 교육·개발·운영 비용이 누락되어 실행력이 떨어집니다. 리더는 숨은 비용을 사전에 반영해야 합니다. 리더는 AI 도입의 방향을 설정하고 체계적인 관리 구조를 수립하는 핵심 역할을 합니다.,AXIS L1 AI 도입 전략·ROI,False,approved,배치1,1,,
17,AXIS,L1,AI 도입 전략·ROI,시민 개발자 육성,multiple_choice,concept,easy,시민 개발자(Citizen Developer) 개념과 AI 도입에서의 역할은?,파일럿 없이 전사 동시 도입하면 시간을 절약하고 모든 부서가 균등한 성과를 달성할 수 있다.,AI 활용 정책은 IT 부서가 단독으로 수립하면 되며 현업이나 법무 부서의 참여는 불필요하다.,"IT 전문가가 아닌 현업 직원이 AI·노코드 도구를 활용하여 업무 자동화를 직접 설계·구현하는 인력으로, AI 도입의 확산과 내재화를 가속하는 핵심 역할을 한다.",AI 도구의 기술 사양과 성능만 비교하면 조직에 최적인 도구를 선택할 수 있다.,C,4,정답은 C입니다. 시민 개발자는 현업 직원이 AI·노코드 도구로 업무 자동화를 직접 수행하는 개념입니다. 리더는 시민 개발자를 발굴·육성하여 AI 활용이 IT 부서에 의존하지 않고 현업에서 자생적으로 확산되도록 해야 합니다. 이 개념을 정확히 이해하면 조직의 AI 전환을 전략적으로 이끌 수 있습니다.,AXIS L1 AI 도입 전략·ROI,False,approved,배치1,1,,
18,AXIS,L1,AI 도입 전략·ROI,AI 도입 위험 평가,multiple_choice,governance,hard,AI 도입 프로젝트의 위험을 사전 평가할 때 가장 적절한 방법은?,AI 도입의 성과는 도구 사용 횟수로 측정하면 정확한 ROI를 산출할 수 있다.,"기술 위험(도구 적합성·성능)·조직 위험(저항·역량 부족)·보안 위험(데이터 유출)·법적 위험(규제·저작권)·운영 위험(의존도·장애)을 영역별로 식별하고, 발생 확률×영향도 매트릭스로 우선순위를 결정한다.",조직의 모든 업무에 AI를 동시에 도입하면 전사적 변화를 빠르게 달성할 수 있어 가장 효율적이다.,AI 도구의 기술 사양과 성능만 비교하면 조직에 최적인 도구를 선택할 수 있다.,B,4,"정답은 B입니다. AI 위험 평가는 ①기술 ②조직 ③보안 ④법적 ⑤운영의 5개 영역에서 식별하고, 발생 확률×영향도 매트릭스로 우선순위를 결정합니다. 리더는 사전 평가를 통해 대응 방안을 준비하고 경영진에게 투명하게 보고해야 합니다. 리더는 AI 도입의 방향을 설정하고 체계적인 관리 구조를 수립하는 핵심 역할을 합니다.",AXIS L1 AI 도입 전략·ROI,False,approved,배치1,1,,
19,AXIS,L1,AI 도입 전략·ROI,업무별 AI 적합성 판단,multiple_choice,case_judgment,easy,다음 업무 중 AI 도입 적합성이 가장 낮은 것은?,주간 보고서 초안 작성 (정형·반복),핵심 인재 면담 및 동기 부여 (비정형·감정·관계 중심),데이터 정리 및 요약 (정형·반복),이메일 초안 작성 (반복·정형),B,4,"정답은 B입니다. AI 적합성은 ①반복성 ②정형성 ③데이터 기반 ④규칙 기반이 높을수록 적합합니다. 면담·동기 부여는 비정형·감정·관계 중심으로 AI 대체가 어렵습니다. 리더는 ""AI로 대체""가 아닌 ""AI로 지원"" 가능한 업무를 구분해야 합니다. 리더는 조직 상황을 종합적으로 고려하여 AI 도입·운영에 관한 최적의 판단을 내려야 합니다.",AXIS L1 AI 도입 전략·ROI,False,approved,배치1,1,,
20,AXIS,L1,AI 도입 전략·ROI,AI 도입 성과 보고,multiple_choice,case_judgment,medium,AI 도입 6개월 후 경영진에게 성과를 보고할 때 가장 효과적인 구조는?,"도입 전후 Before-After 비교(시간·품질·비용), 대표 성공 사례 3가지(구체적 수치), 미달 영역과 원인 분석, 다음 단계 계획(확산·개선)을 포함하여 보고한다.",경영진 보고 시 AI의 기술적 사양과 알고리즘을 상세히 설명하면 투자 승인을 받을 수 있다.,조직의 모든 업무에 AI를 동시에 도입하면 전사적 변화를 빠르게 달성할 수 있어 가장 효율적이다.,AI 도구의 기술 사양과 성능만 비교하면 조직에 최적인 도구를 선택할 수 있다.,A,4,"정답은 A입니다. 성과 보고는 ①Before-After(정량 비교) ②성공 사례(구체 수치) ③미달 분석(투명성) ④다음 계획(방향)의 구조입니다. 경영진은 ""투자 대비 효과""를 원하며, 성공뿐 아니라 미달 영역의 원인과 대응도 보고하는 것이 신뢰를 높입니다. 리더는 조직 상황을 종합적으로 고려하여 AI 도입·운영에 관한 최적의 판단을 내려야 합니다.",AXIS L1 AI 도입 전략·ROI,False,approved,배치1,1,,
21,AXIS,L1,AI 도입 전략·ROI,AI 도입 단계별 장벽,multiple_choice,concept,easy,AI 도입의 각 단계에서 가장 흔한 장벽으로 적절한 것은?,도입 초기: 목표 불명확·경영진 지지 부족 / 파일럿: 현업 저항·데이터 부족 / 확산: 표준화 어려움·교육 부족 / 정착: 지속 개선 동력 상실·담당자 이탈이 단계별 주요 장벽이다.,조직의 모든 업무에 AI를 동시에 도입하면 전사적 변화를 빠르게 달성할 수 있어 가장 효율적이다.,AI 활용 정책은 IT 부서가 단독으로 수립하면 되며 현업이나 법무 부서의 참여는 불필요하다.,AI 도구의 기술 사양과 성능만 비교하면 조직에 최적인 도구를 선택할 수 있다.,A,4,"정답은 A입니다. AI 도입 장벽은 단계별로 다릅니다. 리더는 각 단계의 예상 장벽을 사전에 인식하고 대응 방안을 준비해야 합니다. 특히 정착 단계의 ""동력 상실""은 성공 후에 발생하여 간과되기 쉽습니다. 이 개념을 정확히 이해하면 조직의 AI 전환을 전략적으로 이끌 수 있습니다. 이 개념을 정확히 이해하면 조직의 AI 전환을 전략적으로 이끄는 데 큰 도움이 됩니다.",AXIS L1 AI 도입 전략·ROI,False,approved,배치1,1,,
22,AXIS,L1,AI 도입 전략·ROI,AI 도입 이해관계자 관리,multiple_choice,governance,hard,AI 도입 프로젝트의 이해관계자를 관리할 때 가장 적절한 방법은?,"이해관계자를 영향력×관심도 매트릭스로 분류하고, 경영진(지지 확보)·현업(참여·피드백)·IT(기술 지원)·보안(정책)별로 차별화된 소통 전략을 수립한다.",AI 도구의 기술 사양과 성능만 비교하면 조직에 최적인 도구를 선택할 수 있다.,AI 도입의 성과는 도구 사용 횟수로 측정하면 정확한 ROI를 산출할 수 있다.,조직의 모든 업무에 AI를 동시에 도입하면 전사적 변화를 빠르게 달성할 수 있어 가장 효율적이다.,A,4,"정답은 A입니다. 이해관계자 관리는 ①영향력×관심도 분류 ②역할별 차별화 소통(경영진: ROI, 현업: 편익, IT: 기술, 보안: 정책)이 핵심입니다. 리더는 각 그룹이 원하는 관점으로 AI 도입의 가치를 전달해야 합니다. 리더는 AI 도입의 방향을 설정하고 체계적인 관리 구조를 수립하는 핵심 역할을 합니다.",AXIS L1 AI 도입 전략·ROI,False,approved,배치1,1,,
23,AXIS,L1,AI 도입 전략·ROI,AI 도구 TCO 비교,multiple_choice,governance,hard,AI 도구의 총소유비용(TCO)을 비교할 때 포함해야 할 항목으로 가장 적절한 것은?,AI 도입의 성과는 도구 사용 횟수로 측정하면 정확한 ROI를 산출할 수 있다.,AI 도구의 기술 사양과 성능만 비교하면 조직에 최적인 도구를 선택할 수 있다.,구독료+교육비+프롬프트 개발 시간+보안 점검 비용+관리자 운영 시간+확장 시 추가 비용+전환 비용(Lock-in)을 3~5년 기간으로 산출하여 비교한다.,조직의 모든 업무에 AI를 동시에 도입하면 전사적 변화를 빠르게 달성할 수 있어 가장 효율적이다.,C,4,정답은 C입니다. TCO는 ①직접 비용(구독·라이선스) ②간접 비용(교육·개발·보안·관리) ③전환 비용(Lock-in 위험) ④확장 비용을 3~5년으로 산출합니다. 월 구독료만 비교하면 숨은 비용을 간과하여 총비용이 예상을 초과합니다. 리더는 AI 도입의 방향을 설정하고 체계적인 관리 구조를 수립하는 핵심 역할을 합니다.,AXIS L1 AI 도입 전략·ROI,False,approved,배치1,1,,
24,AXIS,L1,AI 도입 전략·ROI,AI 도입 성공 조건,multiple_choice,concept,easy,AI 도입의 성공을 위한 3대 조건으로 가장 적절한 것은?,최신 AI 도구·많은 예산·IT 인력이다.,성공 조건은 조직마다 다르므로 일반화할 수 없다.,AI 전문가 채용이 유일한 성공 조건이다.,명확한 업무 목표(Why)·경영진 지지(Support)·현업 참여와 변화관리(Adoption)가 3대 성공 조건이다.,D,4,정답은 D입니다. AI 도입 3대 성공 조건은 ①Why(명확한 업무 목표) ②Support(경영진 지지·예산) ③Adoption(현업 참여·변화관리)입니다. 기술·예산·인력보다 목표·지지·수용이 더 결정적인 성공 요인입니다. 이 개념을 정확히 이해하면 조직의 AI 전환을 전략적으로 이끌 수 있습니다.,AXIS L1 AI 도입 전략·ROI,False,approved,배치1,1,,
25,AXIS,L1,AX 프로젝트 기획·실행,AX 프로젝트 단계,multiple_choice,governance,medium,AX(AI Transformation) 프로젝트의 표준 단계로 가장 적절한 것은?,AI 도입의 성과는 도구 사용 횟수로 측정하면 정확한 ROI를 산출할 수 있다.,AI 도구의 기술 사양과 성능만 비교하면 조직에 최적인 도구를 선택할 수 있다.,조직의 모든 업무에 AI를 동시에 도입하면 전사적 변화를 빠르게 달성할 수 있어 가장 효율적이다.,As-Is 분석(현황 진단) → To-Be 설계(목표 상태) → 파일럿 실행(검증) → 성과 평가 → 확산·표준화의 5단계로 구성한다.,D,3,정답은 D입니다. AX 프로젝트는 ①As-Is(현황) ②To-Be(목표) ③파일럿(검증) ④평가(판단) ⑤확산(표준화)의 5단계입니다. 각 단계에서 의사결정 게이트를 두어 진행/수정/중단을 판단하는 것이 리더의 핵심 역할입니다. 리더는 AI 도입의 방향을 설정하고 체계적인 관리 구조를 수립하는 핵심 역할을 합니다.,AXIS L1 AX 프로젝트 기획·실행,False,approved,배치1,1,,
26,AXIS,L1,AX 프로젝트 기획·실행,변화관리 전략,multiple_choice,case_judgment,hard,AI 도입 시 직원의 저항을 관리하는 가장 효과적인 변화관리 전략은?,AI 도입의 성과는 도구 구독 기간이 길수록 자동으로 향상되므로 별도 관리가 불필요하다.,ADKAR 모델(인식→의지→지식→능력→강화)을 적용하여 ①왜 변해야 하는지 공감 형성 ②변화 의지 촉진 ③역량 교육 ④실천 지원 ⑤성과 인정·보상의 단계적 접근을 수행한다.,조직의 모든 업무에 AI를 동시에 도입하면 전사적 변화를 빠르게 달성할 수 있어 가장 효율적이다.,AI 도구의 기술 사양과 성능만 비교하면 조직에 최적인 도구를 선택할 수 있다.,B,3,정답은 B입니다. 변화관리는 강제가 아닌 ADKAR 모델(인식·의지·지식·능력·강화)의 단계적 접근이 효과적입니다. 리더는 ①공감(왜?) ②동기(혜택) ③교육(어떻게?) ④지원(도움) ⑤인정(보상)을 순서대로 제공합니다. 리더는 조직 상황을 종합적으로 고려하여 AI 도입·운영에 관한 최적의 판단을 내려야 합니다.,AXIS L1 AX 프로젝트 기획·실행,False,approved,배치1,1,,
27,AXIS,L1,AX 프로젝트 기획·실행,팀원 AI 교육 설계,multiple_choice,governance,medium,팀원 대상 AI 활용 교육을 설계할 때 가장 효과적인 구조는?,"역할별 맞춤 교육(초급: 기본 사용법, 중급: 실무 적용, 고급: 프롬프트 설계·자동화)으로 설계하고, 실습 중심+실제 업무 시나리오로 구성한다.",AI 도구의 기술 사양과 성능만 비교하면 조직에 최적인 도구를 선택할 수 있다.,AI 도입의 성과는 도구 구독 기간이 길수록 자동으로 향상되므로 별도 관리가 불필요하다.,AI 도입의 성과는 도구 사용 횟수로 측정하면 정확한 ROI를 산출할 수 있다.,A,3,정답은 A입니다. AI 교육은 ①역할별 차별화(초·중·고급) ②실습 중심(이론 최소화) ③실제 업무 시나리오 ④반복 교육(1회가 아닌 지속)으로 설계합니다. 동일 교육은 초급자에게 어렵고 고급자에게 지루합니다. 리더는 AI 도입의 방향을 설정하고 체계적인 관리 구조를 수립하는 핵심 역할을 합니다.,AXIS L1 AX 프로젝트 기획·실행,False,approved,배치1,1,,
28,AXIS,L1,AX 프로젝트 기획·실행,AI 챔피언 제도,multiple_choice,concept,easy,AI 챔피언(Champion) 제도의 역할과 설계로 가장 적절한 것은?,AI 도구의 기술 사양과 성능만 비교하면 조직에 최적인 도구를 선택할 수 있다.,조직의 모든 업무에 AI를 동시에 도입하면 전사적 변화를 빠르게 달성할 수 있어 가장 효율적이다.,"각 부서에서 AI 활용에 적극적인 직원을 AI 챔피언으로 선정하여 부서 내 AI 활용 확산·지원·피드백 수집·사례 공유 역할을 부여하고, 정기 미팅으로 연결한다.",AI 도입의 성과는 도구 사용 횟수로 측정하면 정확한 ROI를 산출할 수 있다.,C,3,"정답은 C입니다. AI 챔피언은 현업 부서에서 AI 활용을 주도하는 변화 촉진자입니다. ①부서 내 확산 ②동료 지원 ③피드백 수집 ④사례 공유 역할을 하며, 정기 미팅(챔피언 네트워크)으로 조직 전체의 학습을 촉진합니다. 이 개념을 정확히 이해하면 조직의 AI 전환을 전략적으로 이끌 수 있습니다.",AXIS L1 AX 프로젝트 기획·실행,False,approved,배치1,1,,
29,AXIS,L1,AX 프로젝트 기획·실행,성과 측정 체계,multiple_choice,governance,medium,AX 프로젝트의 성과를 체계적으로 측정하는 방법은?,파일럿 없이 전사 동시 도입하면 시간을 절약하고 모든 부서가 균등한 성과를 달성할 수 있다.,AI 활용 정책은 IT 부서가 단독으로 수립하면 되며 현업이나 법무 부서의 참여는 불필요하다.,AI 도입의 성과는 도구 사용 횟수로 측정하면 정확한 ROI를 산출할 수 있다.,투입 지표(교육 이수율·도구 배포율)·활동 지표(AI 활용 빈도·프롬프트 라이브러리 규모)·성과 지표(시간 절감·품질 향상·비용 절감)·영향 지표(직원 만족도·혁신 건수)를 균형 있게 측정한다.,D,3,정답은 D입니다. 성과 측정은 ①투입(교육·도구) ②활동(활용 빈도) ③성과(시간·품질·비용) ④영향(만족도·혁신)의 균형 스코어카드 구조가 적절합니다. 단일 지표는 전체 성과를 왜곡합니다. 리더는 AI 도입의 방향을 설정하고 체계적인 관리 구조를 수립하는 핵심 역할을 합니다. 리더는 AI 도입의 방향을 설정하고 체계적인 관리 구조를 수립하여 조직의 AI 전환을 이끌어야 합니다.,AXIS L1 AX 프로젝트 기획·실행,False,approved,배치1,1,,
30,AXIS,L1,AX 프로젝트 기획·실행,프롬프트 라이브러리 조직화,multiple_choice,governance,medium,조직 차원의 프롬프트 라이브러리를 구축·운영할 때 가장 적절한 구조는?,AI 도입은 IT 부서가 단독으로 수행하면 현업의 참여 없이도 성공적으로 완료할 수 있다.,AI 도입의 성과는 도구 사용 횟수로 측정하면 정확한 ROI를 산출할 수 있다.,"부서별·업무별 분류 → 효과 검증(품질 평가) → 버전 관리 → 접근 권한 설정 → 정기 업데이트의 체계로 운영하고, 라이브러리 관리자를 지정한다.",조직의 모든 업무에 AI를 동시에 도입하면 전사적 변화를 빠르게 달성할 수 있어 가장 효율적이다.,C,3,정답은 C입니다. 프롬프트 라이브러리는 ①분류(부서·업무) ②검증(효과 평가) ③버전 관리 ④접근 권한 ⑤정기 업데이트 ⑥관리자 지정으로 운영합니다. 이를 통해 조직의 AI 역량이 개인에서 조직으로 축적됩니다. 리더는 AI 도입의 방향을 설정하고 체계적인 관리 구조를 수립하는 핵심 역할을 합니다.,AXIS L1 AX 프로젝트 기획·실행,False,approved,배치1,1,,
31,AXIS,L1,AX 프로젝트 기획·실행,AX 프로젝트 예산 관리,multiple_choice,case_judgment,hard,AX 프로젝트 진행 중 예산이 초과될 위험이 있을 때 가장 적절한 대응은?,파일럿 없이 전사 동시 도입하면 시간을 절약하고 모든 부서가 균등한 성과를 달성할 수 있다.,AI 도입의 성과는 도구 사용 횟수로 측정하면 정확한 ROI를 산출할 수 있다.,AI 도구의 기술 사양과 성능만 비교하면 조직에 최적인 도구를 선택할 수 있다.,①초과 원인 분석(숨은 비용·범위 확대) ②우선순위 재조정(핵심 업무 집중) ③경영진 조기 보고(투명성) ④추가 예산 또는 범위 축소 판단을 수행한다.,D,3,정답은 D입니다. 예산 초과 위험 시 ①원인 분석 ②우선순위 재조정 ③조기 보고(투명성이 신뢰를 유지) ④경영진 판단(추가 예산 vs 범위 축소)의 순서로 대응합니다. 은폐는 나중에 더 큰 문제를 야기합니다. 리더는 조직 상황을 종합적으로 고려하여 AI 도입·운영에 관한 최적의 판단을 내려야 합니다.,AXIS L1 AX 프로젝트 기획·실행,False,approved,배치1,1,,
32,AXIS,L1,AX 프로젝트 기획·실행,부서 간 AI 활용 격차,multiple_choice,case_judgment,medium,부서 간 AI 활용 수준 격차가 클 때 가장 적절한 대응은?,조직의 모든 업무에 AI를 동시에 도입하면 전사적 변화를 빠르게 달성할 수 있어 가장 효율적이다.,경영진 보고 시 AI의 기술적 사양과 알고리즘을 상세히 설명하면 투자 승인을 받을 수 있다.,"격차 원인(역량·의지·업무 특성)을 진단하고, 부서별 맞춤 지원(교육·챔피언·사례 공유)을 제공하며, 선도 부서의 성공 사례를 후발 부서에 전파한다.",AI 도입의 성과는 도구 사용 횟수로 측정하면 정확한 ROI를 산출할 수 있다.,C,3,"정답은 C입니다. 부서 간 격차 대응은 ①원인 진단(역량/의지/업무 특성) ②맞춤 지원(부서별 차별화) ③사례 전파(선도→후발)입니다. 동일 목표 강제는 업무 특성 차이를 무시하며, 방치는 조직 전체의 AI 성숙도를 저해합니다. 리더는 조직 상황을 종합적으로 고려하여 AI 도입·운영에 관한 최적의 판단을 내려야 합니다.",AXIS L1 AX 프로젝트 기획·실행,False,approved,배치1,1,,
33,AXIS,L1,AX 프로젝트 기획·실행,AX 프로젝트 리더십,multiple_choice,concept,easy,AX 프로젝트를 이끄는 리더에게 가장 중요한 역량은?,AI 도입 프로젝트의 리스크는 도구 성능에만 존재하므로 조직·보안·법적 리스크는 고려할 필요가 없다.,"기술 이해보다 비즈니스 문제 정의 능력, 이해관계자 소통, 변화관리, 성과 측정·보고 역량이 더 중요하다. 기술 전문성은 팀원이나 외부 전문가가 보완한다.",AI 도구의 기술 사양과 성능만 비교하면 조직에 최적인 도구를 선택할 수 있다.,AI 도입의 성과는 도구 사용 횟수로 측정하면 정확한 ROI를 산출할 수 있다.,B,3,"정답은 B입니다. AX 리더에게는 ①비즈니스 문제 정의 ②이해관계자 소통 ③변화관리 ④성과 측정이 핵심입니다. 기술 전문성은 팀원이 보완할 수 있지만, 방향 설정과 조직 관리는 리더만의 역할입니다. 이 개념을 정확히 이해하면 조직의 AI 전환을 전략적으로 이끌 수 있습니다. 이 개념을 정확히 이해하면 조직의 AI 전환을 전략적으로 이끄는 데 큰 도움이 됩니다.",AXIS L1 AX 프로젝트 기획·실행,False,approved,배치1,1,,
34,AXIS,L1,AX 프로젝트 기획·실행,교육 효과 측정,multiple_choice,governance,medium,AI 활용 교육의 효과를 측정하는 가장 적절한 방법은?,AI 도입은 IT 부서가 단독으로 수행하면 현업의 참여 없이도 성공적으로 완료할 수 있다.,조직의 모든 업무에 AI를 동시에 도입하면 전사적 변화를 빠르게 달성할 수 있어 가장 효율적이다.,AI 도구의 기술 사양과 성능만 비교하면 조직에 최적인 도구를 선택할 수 있다.,"커크패트릭 4단계(①반응: 만족도 ②학습: 지식 변화 ③행동: 업무 적용 ④결과: 성과 변화)로 측정하고, 교육 전후 비교 데이터를 수집한다.",D,3,"정답은 D입니다. 커크패트릭 4단계는 ①반응(만족했는가?) ②학습(알게 되었는가?) ③행동(적용하는가?) ④결과(성과가 나는가?)로 구성됩니다. 참석 인원은 투입 지표이며, 실제 효과는 행동·결과 단계에서 측정합니다. 리더는 AI 도입의 방향을 설정하고 체계적인 관리 구조를 수립하는 핵심 역할을 합니다.",AXIS L1 AX 프로젝트 기획·실행,False,approved,배치1,1,,
35,AXIS,L1,AX 프로젝트 기획·실행,AI 활용 표준 프로세스,multiple_choice,governance,hard,조직의 AI 활용 표준 프로세스를 수립할 때 가장 적절한 구조는?,"요청→AI 생성→검증→승인→배포의 공통 프로세스를 수립하고, 부서·업무별 변형을 허용하되 검증·승인 단계는 필수로 유지한다. 프로세스 문서화와 정기 개선을 포함한다.",AI 도입의 성과는 도구 사용 횟수로 측정하면 정확한 ROI를 산출할 수 있다.,조직의 모든 업무에 AI를 동시에 도입하면 전사적 변화를 빠르게 달성할 수 있어 가장 효율적이다.,AI 도구의 기술 사양과 성능만 비교하면 조직에 최적인 도구를 선택할 수 있다.,A,3,"정답은 A입니다. AI 활용 표준 프로세스는 공통(요청→생성→검증→승인→배포)과 변형(부서별 특화)을 분리합니다. 검증·승인은 품질과 보안을 위해 필수이며, 부서별 유연성을 허용하여 현업 수용도를 높입니다. 리더는 AI 도입의 방향을 설정하고 체계적인 관리 구조를 수립하는 핵심 역할을 합니다.",AXIS L1 AX 프로젝트 기획·실행,False,approved,배치1,1,,
36,AXIS,L1,AX 프로젝트 기획·실행,파일럿 결과 판단,multiple_choice,case_judgment,hard,AI 파일럿 결과가 기대에 미치지 못할 때 가장 적절한 판단은?,조직의 모든 업무에 AI를 동시에 도입하면 전사적 변화를 빠르게 달성할 수 있어 가장 효율적이다.,"기대 미달의 원인(도구 적합성·프롬프트 품질·업무 선정·교육 부족·기간 부족)을 분석하고, 원인별 개선 후 2차 파일럿을 수행하거나, 대상 업무를 변경한다. 근본적 부적합 시에만 중단을 검토한다.",경영진 보고 시 AI의 기술적 사양과 알고리즘을 상세히 설명하면 투자 승인을 받을 수 있다.,AI 도구의 기술 사양과 성능만 비교하면 조직에 최적인 도구를 선택할 수 있다.,B,3,"정답은 B입니다. 파일럿 미달 시 ①원인 분석(5가지 관점) ②개선 후 재시행 ③대상 변경 ④근본 부적합 시 중단의 순서로 판단합니다. 1차 실패가 곧 AI 부적합을 의미하지 않으며, 원인별 대응이 리더의 역할입니다. 리더는 조직 상황을 종합적으로 고려하여 AI 도입·운영에 관한 최적의 판단을 내려야 합니다.",AXIS L1 AX 프로젝트 기획·실행,False,approved,배치1,1,,
37,AXIS,L1,AX 프로젝트 기획·실행,AI 활용 커뮤니티 운영,multiple_choice,concept,easy,조직 내 AI 활용 커뮤니티(CoP)를 운영하는 방법으로 가장 적절한 것은?,"부서 횡단 자발적 커뮤니티를 구성하여 성공·실패 사례 공유, 프롬프트 교환, 질의응답, 최신 트렌드 학습을 정기적으로 수행하고, 경영진이 활동을 인정·지원한다.",AI 도입의 성과는 도구 사용 횟수로 측정하면 정확한 ROI를 산출할 수 있다.,AI 도구의 기술 사양과 성능만 비교하면 조직에 최적인 도구를 선택할 수 있다.,조직의 모든 업무에 AI를 동시에 도입하면 전사적 변화를 빠르게 달성할 수 있어 가장 효율적이다.,A,3,정답은 A입니다. AI CoP(Community of Practice)는 ①자발적 구성 ②부서 횡단 ③정기 활동(사례·프롬프트·Q&A) ④경영진 지원·인정으로 운영합니다. 의무가 아닌 자발적 참여가 지속성의 핵심입니다. 이 개념을 정확히 이해하면 조직의 AI 전환을 전략적으로 이끌 수 있습니다.,AXIS L1 AX 프로젝트 기획·실행,False,approved,배치1,1,,
38,AXIS,L1,AX 프로젝트 기획·실행,AX 프로젝트 보고 체계,multiple_choice,governance,medium,AX 프로젝트의 진행 상황을 경영진에게 보고하는 체계로 가장 적절한 것은?,"월간 대시보드(KPI·진행률·이슈)와 분기 상세 보고(성과·개선·계획)를 병행하고, 긴급 이슈는 즉시 보고하는 3단계 보고 체계를 수립한다.",AI 도입은 IT 부서가 단독으로 수행하면 현업의 참여 없이도 성공적으로 완료할 수 있다.,AI 도입의 성과는 도구 사용 횟수로 측정하면 정확한 ROI를 산출할 수 있다.,AI 도구의 기술 사양과 성능만 비교하면 조직에 최적인 도구를 선택할 수 있다.,A,3,"정답은 A입니다. 보고 체계는 ①월간(대시보드: 요약) ②분기(상세: 성과·개선·계획) ③긴급(이슈: 즉시)의 3단계입니다. 일일은 과부하, 완료 후 1회는 중간 궤도 수정 기회를 놓칩니다. 리더는 AI 도입의 방향을 설정하고 체계적인 관리 구조를 수립하는 핵심 역할을 합니다. 리더는 AI 도입의 방향을 설정하고 체계적인 관리 구조를 수립하여 조직의 AI 전환을 이끌어야 합니다.",AXIS L1 AX 프로젝트 기획·실행,False,approved,배치1,1,,
39,AXIS,L1,AX 프로젝트 기획·실행,AI 내재화 전략,multiple_choice,case_judgment,medium,파일럿 성공 후 AI를 조직에 내재화하는 가장 적절한 전략은?,AI 도입의 성과는 도구 사용 횟수로 측정하면 정확한 ROI를 산출할 수 있다.,"파일럿 성과를 표준화(프로세스·프롬프트·체크리스트)하고, 부서별 맞춤 교육과 챔피언 지원을 통해 단계적으로 확산한다. 정기 성과 리뷰로 지속 개선한다.",조직의 모든 업무에 AI를 동시에 도입하면 전사적 변화를 빠르게 달성할 수 있어 가장 효율적이다.,AI 도구의 기술 사양과 성능만 비교하면 조직에 최적인 도구를 선택할 수 있다.,B,3,정답은 B입니다. AI 내재화는 ①표준화(파일럿 결과를 프로세스·템플릿으로) ②맞춤 교육(부서별) ③챔피언 지원 ④단계적 확산 ⑤정기 리뷰의 구조입니다. 파일럿 성공을 그대로 이식하면 부서 특성 차이로 실패할 수 있습니다. 리더는 조직 상황을 종합적으로 고려하여 AI 도입·운영에 관한 최적의 판단을 내려야 합니다.,AXIS L1 AX 프로젝트 기획·실행,False,approved,배치1,1,,
40,AXIS,L1,AX 프로젝트 기획·실행,팀원 AI 역량 평가,multiple_choice,governance,hard,팀원의 AI 활용 역량을 평가하는 가장 적절한 방법은?,조직의 모든 업무에 AI를 동시에 도입하면 전사적 변화를 빠르게 달성할 수 있어 가장 효율적이다.,AI 도입의 성과는 도구 사용 횟수로 측정하면 정확한 ROI를 산출할 수 있다.,"역량 모델(AI 이해·도구 활용·프롬프트 설계·검증·보안)을 수립하고, 자가 진단+상사 평가+산출물 품질 평가를 종합하여 개인별 역량 맵을 작성한다. 결과에 따라 맞춤 교육을 제공한다.",AI 도구의 기술 사양과 성능만 비교하면 조직에 최적인 도구를 선택할 수 있다.,C,3,"정답은 C입니다. AI 역량 평가는 ①역량 모델(이해·활용·설계·검증·보안) ②다면 평가(자가+상사+산출물) ③역량 맵 작성 ④맞춤 교육으로 구성합니다. 사용 횟수는 활동이지 역량이 아니며, 자격증은 지식이지 실무 역량이 아닙니다. 리더는 AI 도입의 방향을 설정하고 체계적인 관리 구조를 수립하는 핵심 역할을 합니다.",AXIS L1 AX 프로젝트 기획·실행,False,approved,배치1,1,,
41,AXIS,L1,AI 거버넌스·리스크,AI 사용 정책 수립,multiple_choice,governance,medium,조직의 AI 사용 정책을 수립할 때 가장 적절한 접근은?,조직의 모든 업무에 AI를 동시에 도입하면 전사적 변화를 빠르게 달성할 수 있어 가장 효율적이다.,AI 도입의 성과는 도구 사용 횟수로 측정하면 정확한 ROI를 산출할 수 있다.,"경영진·현업·IT·법무·보안이 참여하여 ①허용 업무 범위 ②입력 금지 정보 ③승인 도구 목록 ④검토 절차 ⑤보안 사고 대응 ⑥위반 시 조치를 포함하는 정책을 수립하고, 전 직원 교육을 시행한다.",AI 도구의 기술 사양과 성능만 비교하면 조직에 최적인 도구를 선택할 수 있다.,C,2,"정답은 C입니다. AI 정책 수립은 ①다부서 참여(현업+IT+법무+보안) ②6대 항목(범위·금지·도구·검토·사고·위반) ③전 직원 교육이 핵심입니다. IT 단독 수립은 현업 수용도가 낮고, 자유 사용은 보안 위험이 큽니다. 리더는 AI 도입의 방향을 설정하고 체계적인 관리 구조를 수립하는 핵심 역할을 합니다.",AXIS L1 AI 거버넌스·리스크,False,approved,배치1,1,,
42,AXIS,L1,AI 거버넌스·리스크,보안 가이드라인 설계,multiple_choice,governance,hard,조직의 AI 보안 가이드라인에 포함해야 할 핵심 항목은?,AI 도입 프로젝트의 리스크는 도구 성능에만 존재하므로 조직·보안·법적 리스크는 고려할 필요가 없다.,①데이터 분류(공개/내부/대외비/극비)별 AI 사용 기준 ②입력 금지 정보(개인정보·영업비밀) ③승인 도구 목록 ④데이터 처리 정책 확인 의무 ⑤보안 사고 대응 절차 ⑥정기 감사 계획을 포함한다.,AI 도입의 성과는 도구 사용 횟수로 측정하면 정확한 ROI를 산출할 수 있다.,조직의 모든 업무에 AI를 동시에 도입하면 전사적 변화를 빠르게 달성할 수 있어 가장 효율적이다.,B,2,정답은 B입니다. AI 보안 가이드라인은 ①데이터 분류별 사용 기준 ②금지 정보 ③승인 도구 ④처리 정책 확인 ⑤사고 대응 ⑥감사 계획의 6대 항목을 포함합니다. 리더는 이 가이드라인을 수립하고 실행을 모니터링해야 합니다. 리더는 AI 도입의 방향을 설정하고 체계적인 관리 구조를 수립하는 핵심 역할을 합니다.,AXIS L1 AI 거버넌스·리스크,False,approved,배치1,1,,
43,AXIS,L1,AI 거버넌스·리스크,인공지능기본법 의무,multiple_choice,ethics_security,medium,인공지능기본법 시행에 따라 조직이 준수해야 할 의무로 가장 적절한 것은?,"AI 활용 시 투명성·안전·윤리 의무를 준수하고, 고위험 AI 사용 시 영향 평가를 수행하며, AI 관련 사고 발생 시 보고 의무를 이행해야 한다.",AI 도입의 성과는 도구 사용 횟수로 측정하면 정확한 ROI를 산출할 수 있다.,AI 도구의 기술 사양과 성능만 비교하면 조직에 최적인 도구를 선택할 수 있다.,조직의 모든 업무에 AI를 동시에 도입하면 전사적 변화를 빠르게 달성할 수 있어 가장 효율적이다.,A,2,"정답은 A입니다. 인공지능기본법(2026.01.22 시행)은 ①투명성 ②안전 ③윤리 의무를 부과하며, AI 활용 조직도 적용 대상입니다. 리더는 법적 의무를 이해하고 조직의 AI 거버넌스에 반영해야 합니다. AI 윤리와 보안 관리는 조직의 지속 가능한 AI 활용을 위한 필수 요건입니다.",AXIS L1 AI 거버넌스·리스크,False,approved,배치1,1,,
44,AXIS,L1,AI 거버넌스·리스크,AI 윤리 위원회 구성,multiple_choice,governance,medium,조직의 AI 윤리 위원회를 구성할 때 가장 적절한 방법은?,경영진 보고 시 AI의 기술적 사양과 알고리즘을 상세히 설명하면 투자 승인을 받을 수 있다.,AI 도입의 성과는 도구 사용 횟수로 측정하면 정확한 ROI를 산출할 수 있다.,조직의 모든 업무에 AI를 동시에 도입하면 전사적 변화를 빠르게 달성할 수 있어 가장 효율적이다.,"경영진·현업·IT·법무·보안·HR·외부 전문가가 참여하는 다부서 위원회를 구성하고, AI 정책 수립·윤리 이슈 심의·교육·사고 대응을 담당한다.",D,2,"정답은 D입니다. AI 윤리 위원회는 다부서 구성(경영·현업·IT·법무·보안·HR·외부)이 핵심입니다. 한 부서만으로는 다양한 관점의 윤리 이슈를 포괄하기 어렵고, 외부 전문가 참여가 객관성을 보장합니다. 리더는 AI 도입의 방향을 설정하고 체계적인 관리 구조를 수립하는 핵심 역할을 합니다.",AXIS L1 AI 거버넌스·리스크,False,approved,배치1,1,,
45,AXIS,L1,AI 거버넌스·리스크,보안 사고 대응 체계,multiple_choice,case_judgment,hard,AI 관련 보안 사고(데이터 유출 등)가 발생했을 때 리더로서 가장 적절한 대응은?,파일럿 없이 전사 동시 도입하면 시간을 절약하고 모든 부서가 균등한 성과를 달성할 수 있다.,①즉시 격리(피해 확산 방지) ②경영진·보안팀 보고 ③영향 범위 파악 ④법적 의무 이행(통지·신고) ⑤원인 분석 ⑥재발 방지 대책 ⑦전 직원 교육의 순서로 대응한다.,AI 도입의 성과는 도구 사용 횟수로 측정하면 정확한 ROI를 산출할 수 있다.,AI 도구의 기술 사양과 성능만 비교하면 조직에 최적인 도구를 선택할 수 있다.,B,2,"정답은 B입니다. 보안 사고 대응은 격리→보고→파악→법적 의무→분석→방지→교육의 7단계입니다. 리더는 축소 보고가 아닌 투명한 보고로 신뢰를 유지하고, 처벌보다 시스템 개선에 집중해야 합니다. 리더는 조직 상황을 종합적으로 고려하여 AI 도입·운영에 관한 최적의 판단을 내려야 합니다. 리더는 조직 상황을 종합적으로 고려하여 AI 도입·운영에 관한 최적의 판단을 내려야 합니다.",AXIS L1 AI 거버넌스·리스크,False,approved,배치1,1,,
46,AXIS,L1,AI 거버넌스·리스크,AI 편향 관리,multiple_choice,ethics_security,medium,조직에서 AI 산출물의 편향을 관리하는 가장 적절한 방법은?,AI 도입의 성과는 도구 사용 횟수로 측정하면 정확한 ROI를 산출할 수 있다.,AI 도입 프로젝트의 리스크는 도구 성능에만 존재하므로 조직·보안·법적 리스크는 고려할 필요가 없다.,"AI 산출물의 편향 점검 프로세스를 수립하고, 다양한 배경의 리뷰어가 검토하며, 편향 발견 시 프롬프트 개선과 가이드라인 업데이트를 수행한다.",조직의 모든 업무에 AI를 동시에 도입하면 전사적 변화를 빠르게 달성할 수 있어 가장 효율적이다.,C,2,"정답은 C입니다. 편향 관리는 ①점검 프로세스 수립 ②다양한 리뷰어 검토 ③발견 시 프롬프트 개선 ④가이드라인 업데이트의 체계입니다. AI가 학습 데이터의 편향을 반영할 수 있으므로, 조직이 사용 단계에서 관리해야 합니다. AI 윤리와 보안 관리는 조직의 지속 가능한 AI 활용을 위한 필수 요건입니다.",AXIS L1 AI 거버넌스·리스크,False,approved,배치1,1,,
47,AXIS,L1,AI 거버넌스·리스크,AI 활용 감사 체계,multiple_choice,governance,hard,조직의 AI 활용에 대한 내부 감사 체계를 수립할 때 가장 적절한 구조는?,AI 도입 프로젝트의 리스크는 도구 성능에만 존재하므로 조직·보안·법적 리스크는 고려할 필요가 없다.,AI 도입의 성과는 도구 사용 횟수로 측정하면 정확한 ROI를 산출할 수 있다.,AI 도구의 기술 사양과 성능만 비교하면 조직에 최적인 도구를 선택할 수 있다.,①정책 준수 여부(승인 도구·입력 금지 정보) ②산출물 품질(검증 절차 이행) ③보안 사고 이력 ④교육 이수 현황 ⑤프롬프트 라이브러리 관리 상태를 정기(분기)·수시 감사한다.,D,2,정답은 D입니다. AI 감사 체계는 ①정책 준수 ②품질 ③보안 ④교육 ⑤라이브러리의 5개 영역을 정기·수시로 감사합니다. 리더는 감사 결과를 경영진에게 보고하고 개선 조치를 이행해야 합니다. 리더는 AI 도입의 방향을 설정하고 체계적인 관리 구조를 수립하는 핵심 역할을 합니다. 리더는 AI 도입의 방향을 설정하고 체계적인 관리 구조를 수립하여 조직의 AI 전환을 이끌어야 합니다.,AXIS L1 AI 거버넌스·리스크,False,approved,배치1,1,,
48,AXIS,L1,AI 거버넌스·리스크,AI 결과물 책임 원칙,multiple_choice,ethics_security,easy,조직에서 AI 결과물의 최종 책임에 대한 원칙으로 가장 적절한 것은?,조직의 모든 업무에 AI를 동시에 도입하면 전사적 변화를 빠르게 달성할 수 있어 가장 효율적이다.,"AI는 보조 도구이며, 결과물의 검토·승인·활용 결정과 그에 따른 결과의 책임은 해당 결과물을 사용한 사람과 조직에 귀속된다는 원칙을 수립하고 교육한다.",AI 도구의 기술 사양과 성능만 비교하면 조직에 최적인 도구를 선택할 수 있다.,AI 도입의 성과는 도구 사용 횟수로 측정하면 정확한 ROI를 산출할 수 있다.,B,2,"정답은 B입니다. AI 결과물 책임 원칙은 ""AI는 보조, 책임은 사람""입니다. 리더는 이 원칙을 ①정책에 명문화 ②전 직원 교육 ③검토 절차 운영으로 실현해야 합니다. 이는 인공지능기본법의 투명성·책임 원칙과도 일치합니다. AI 윤리와 보안 관리는 조직의 지속 가능한 AI 활용을 위한 필수 요건입니다.",AXIS L1 AI 거버넌스·리스크,False,approved,배치1,1,,
49,AXIS,L1,AI 거버넌스·리스크,AI 저작권 정책,multiple_choice,ethics_security,medium,조직의 AI 생성물 저작권 정책으로 가장 적절한 것은?,"AI 서비스 이용약관에서 생성물 소유권을 확인하고, 학습 데이터 재현 가능성을 고려한 점검 절차를 수립하며, 중요 문서는 표절 검사를 수행하는 정책을 운영한다.",경영진 보고 시 AI의 기술적 사양과 알고리즘을 상세히 설명하면 투자 승인을 받을 수 있다.,AI 도입의 성과는 도구 구독 기간이 길수록 자동으로 향상되므로 별도 관리가 불필요하다.,조직의 모든 업무에 AI를 동시에 도입하면 전사적 변화를 빠르게 달성할 수 있어 가장 효율적이다.,A,2,정답은 A입니다. AI 저작권 정책은 ①이용약관 확인(소유권 규정) ②학습 데이터 재현 점검 ③중요 문서 표절 검사 ④정책 문서화의 구조입니다. 법적으로 확립되지 않은 영역이므로 보수적으로 접근하는 것이 리더의 판단입니다. AI 윤리와 보안 관리는 조직의 지속 가능한 AI 활용을 위한 필수 요건입니다.,AXIS L1 AI 거버넌스·리스크,False,approved,배치1,1,,
50,AXIS,L1,AI 거버넌스·리스크,AI 의존도 관리 정책,multiple_choice,case_judgment,easy,조직의 AI 의존도를 관리하는 정책으로 가장 적절한 것은?,①AI는 보조 도구 원칙 ②AI 없이도 핵심 업무 수행 가능한 역량 유지 ③비판적 검토 습관 교육 ④대체 도구 확보(벤더 분산) ⑤정기 점검(의존도 평가)의 정책을 운영한다.,AI 도입의 성과는 도구 사용 횟수로 측정하면 정확한 ROI를 산출할 수 있다.,조직의 모든 업무에 AI를 동시에 도입하면 전사적 변화를 빠르게 달성할 수 있어 가장 효율적이다.,AI 도구의 기술 사양과 성능만 비교하면 조직에 최적인 도구를 선택할 수 있다.,A,2,정답은 A입니다. AI 의존도 관리는 ①보조 원칙 ②역량 유지 ③비판적 검토 ④벤더 분산 ⑤정기 점검의 5가지 정책으로 구성합니다. 리더는 AI 활용을 촉진하면서도 과도한 의존을 방지하는 균형을 유지해야 합니다. 리더는 조직 상황을 종합적으로 고려하여 AI 도입·운영에 관한 최적의 판단을 내려야 합니다.,AXIS L1 AI 거버넌스·리스크,False,approved,배치1,1,,
51,AXIS,L1,AI 도입 전략·ROI,AI 적합 업무 선별 기준,multiple_choice,governance,medium,AI 도입 적합 업무를 선별하는 체계적 기준으로 가장 적절한 것은?,AI 도입 프로젝트의 리스크는 도구 성능에만 존재하므로 조직·보안·법적 리스크는 고려할 필요가 없다.,"업무별 ①반복성(주 3회 이상) ②정형성(규칙 기반 비율 70%+) ③시간 투자(월 10시간+) ④데이터 가용성 ⑤오류 영향도를 정량화하여 5점 척도로 평가하고, 종합 점수가 높은 업무부터 도입한다.",AI 도구의 기술 사양과 성능만 비교하면 조직에 최적인 도구를 선택할 수 있다.,AI 도입의 성과는 도구 사용 횟수로 측정하면 정확한 ROI를 산출할 수 있다.,B,4,"정답은 B입니다. 업무 선별은 5가지 기준을 정량화하여 객관적으로 우선순위를 도출합니다. 경영진 지시나 기술 맞춤이 아닌, 데이터 기반 업무 분석이 리더의 핵심 역량입니다. 이 문항은 AI 도입 업무 선별의 체계적 접근을 확인합니다. 리더는 AI 도입의 방향을 설정하고 체계적인 관리 구조를 수립하는 핵심 역할을 합니다.",AXIS L1 AI 도입 전략·ROI,False,approved,배치2,1,,
52,AXIS,L1,AI 도입 전략·ROI,AI ROI 산출 시 정량 지표,multiple_choice,governance,hard,AI 도입의 정량적 ROI를 산출할 때 가장 핵심적인 지표 조합은?,AI 도구의 기술 사양과 성능만 비교하면 조직에 최적인 도구를 선택할 수 있다.,"(투입 시간 절감×시간당 인건비) + (오류 감소율×오류당 비용) + (처리량 증가×건당 가치)를 합산하고, 여기서 총 투입 비용(도구+교육+운영)을 차감하여 순 ROI를 산출한다.",AI 도입의 성과는 도구 사용 횟수로 측정하면 정확한 ROI를 산출할 수 있다.,조직의 모든 업무에 AI를 동시에 도입하면 전사적 변화를 빠르게 달성할 수 있어 가장 효율적이다.,B,4,"정답은 B입니다. AI ROI 정량 산출은 시간 절감(가장 측정 용이)+오류 감소+처리량 증가의 효과 합산에서 투입 비용을 차감합니다. 리더는 경영진에게 ""숫자로 말하는"" ROI를 제시해야 합니다. 리더는 AI 도입의 방향을 설정하고 체계적인 관리 구조를 수립하는 핵심 역할을 합니다. 리더는 AI 도입의 방향을 설정하고 체계적인 관리 구조를 수립하여 조직의 AI 전환을 이끌어야 합니다.",AXIS L1 AI 도입 전략·ROI,False,approved,배치2,1,,
53,AXIS,L1,AI 도입 전략·ROI,AI 도입 PoC vs 파일럿 차이,multiple_choice,concept,medium,AI 도입에서 PoC(Proof of Concept)와 파일럿의 차이로 가장 적절한 것은?,"PoC는 ""기술적으로 가능한가""를 검증하는 소규모 실험이고, 파일럿은 ""실제 업무에 효과가 있는가""를 검증하는 실무 적용이다. PoC 성공 후 파일럿을 수행하는 것이 체계적이다.",AI 도입의 성과는 도구 사용 횟수로 측정하면 정확한 ROI를 산출할 수 있다.,조직의 AI 성숙도는 최신 도구를 도입하면 자동으로 최고 단계에 도달한다.,조직의 모든 업무에 AI를 동시에 도입하면 전사적 변화를 빠르게 달성할 수 있어 가장 효율적이다.,A,4,"정답은 A입니다. PoC(기술 검증)→파일럿(실무 검증)은 AI 도입의 표준 검증 순서입니다. PoC는 ""될까?"", 파일럿은 ""효과가 있을까?""를 답합니다. 리더는 이 단계를 구분하여 의사결정 게이트를 설계해야 합니다. 이 개념을 정확히 이해하면 조직의 AI 전환을 전략적으로 이끌 수 있습니다.",AXIS L1 AI 도입 전략·ROI,False,approved,배치2,1,,
54,AXIS,L1,AI 도입 전략·ROI,AI 도입 후 업무 재설계,multiple_choice,case_judgment,hard,AI 도입 후 기존 업무 프로세스를 재설계할 때 가장 적절한 접근은?,AI 활용 정책은 IT 부서가 단독으로 수립하면 되며 현업이나 법무 부서의 참여는 불필요하다.,조직의 모든 업무에 AI를 동시에 도입하면 전사적 변화를 빠르게 달성할 수 있어 가장 효율적이다.,AI 도입의 성과는 도구 사용 횟수로 측정하면 정확한 ROI를 산출할 수 있다.,"AI 도입을 기회로 전체 업무 흐름을 재검토하고, 불필요한 단계 제거·병합·자동화를 포함한 To-Be 프로세스를 설계한다. AI는 ""기존 방식의 자동화""가 아닌 ""업무 방식의 변환"" 도구이다.",D,4,"정답은 D입니다. AI 도입은 단순 자동화가 아닌 업무 변환(Transformation)의 기회입니다. 기존 프로세스에 AI를 그대로 삽입하면 비효율이 자동화될 뿐이며, 전체 흐름을 재검토하여 To-Be를 설계해야 합니다. 리더는 조직 상황을 종합적으로 고려하여 AI 도입·운영에 관한 최적의 판단을 내려야 합니다.",AXIS L1 AI 도입 전략·ROI,False,approved,배치2,1,,
55,AXIS,L1,AI 도입 전략·ROI,AI 도구 평가 기준,multiple_choice,governance,medium,조직에 적합한 AI 도구를 평가할 때 가장 포괄적인 기준 체계는?,①기능 적합성(업무 요구 충족) ②보안(데이터 처리 정책) ③사용 편의성(학습 곡선) ④확장성(사용자 수 증가 대응) ⑤비용(TCO) ⑥지원(고객 지원·한국어) ⑦통합(기존 시스템 연동)을 종합 평가한다.,AI 도입 프로젝트의 리스크는 도구 성능에만 존재하므로 조직·보안·법적 리스크는 고려할 필요가 없다.,AI 도입의 성과는 도구 사용 횟수로 측정하면 정확한 ROI를 산출할 수 있다.,AI 도구의 기술 사양과 성능만 비교하면 조직에 최적인 도구를 선택할 수 있다.,A,4,정답은 A입니다. AI 도구 평가는 7가지 기준(기능·보안·편의·확장·비용·지원·통합)을 종합합니다. 리더는 단일 기준이 아닌 조직 상황에 맞는 가중치를 부여하여 객관적으로 평가해야 합니다. 리더는 AI 도입의 방향을 설정하고 체계적인 관리 구조를 수립하는 핵심 역할을 합니다. 리더는 AI 도입의 방향을 설정하고 체계적인 관리 구조를 수립하여 조직의 AI 전환을 이끌어야 합니다.,AXIS L1 AI 도입 전략·ROI,False,approved,배치2,1,,
56,AXIS,L1,AI 도입 전략·ROI,AI 도입 리스크 대응 전략,multiple_choice,case_judgment,hard,AI 도입의 리스크를 관리하는 전략으로 가장 적절한 것은?,"리스크를 회피(도입 안 함)·완화(통제 강화)·전가(보험·외주)·수용(모니터링)으로 분류하고, 각 리스크에 최적의 대응 전략을 매핑하여 관리한다. 대부분의 경우 완화 전략이 적절하다.",파일럿 없이 전사 동시 도입하면 시간을 절약하고 모든 부서가 균등한 성과를 달성할 수 있다.,AI 도입의 성과는 도구 사용 횟수로 측정하면 정확한 ROI를 산출할 수 있다.,AI 도구의 기술 사양과 성능만 비교하면 조직에 최적인 도구를 선택할 수 있다.,A,4,"정답은 A입니다. 리스크 대응은 ①회피 ②완화 ③전가 ④수용의 4가지 전략으로 분류합니다. 모든 리스크를 회피하면 AI 도입 자체가 불가능하므로, 리더는 리스크별로 최적 전략을 선택합니다. 리더는 조직 상황을 종합적으로 고려하여 AI 도입·운영에 관한 최적의 판단을 내려야 합니다. 리더는 조직 상황을 종합적으로 고려하여 AI 도입·운영에 관한 최적의 판단을 내려야 합니다.",AXIS L1 AI 도입 전략·ROI,False,approved,배치2,1,,
57,AXIS,L1,AI 도입 전략·ROI,AI 도입 벤더 관리,multiple_choice,governance,medium,AI 도구 벤더와의 관계를 관리할 때 가장 적절한 전략은?,AI 도입의 성과는 도구 사용 횟수로 측정하면 정확한 ROI를 산출할 수 있다.,조직의 AI 활용 역량은 도구 구매만으로 자동 확보되므로 교육 투자가 불필요하다.,AI 도구의 기술 사양과 성능만 비교하면 조직에 최적인 도구를 선택할 수 있다.,"핵심 AI 역량은 내부에 보유하고, 벤더를 2개 이상 분산하여 Lock-in을 방지하며, 계약 시 데이터 소유권·서비스 수준(SLA)·해지 조건을 명확히 협의한다.",D,4,정답은 D입니다. 벤더 관리 전략은 ①핵심 역량 내부화 ②벤더 분산(Lock-in 방지) ③계약 조건(데이터 소유권·SLA·해지)을 포함합니다. 단일 벤더 의존은 가격 협상력 약화와 서비스 중단 위험이 있습니다. 리더는 AI 도입의 방향을 설정하고 체계적인 관리 구조를 수립하는 핵심 역할을 합니다.,AXIS L1 AI 도입 전략·ROI,False,approved,배치2,1,,
58,AXIS,L1,AI 도입 전략·ROI,AI와 기존 시스템 통합,multiple_choice,case_judgment,medium,AI를 기존 업무 시스템(ERP·CRM 등)과 통합할 때 가장 적절한 접근은?,AI 도입은 IT 부서가 단독으로 수행하면 현업의 참여 없이도 성공적으로 완료할 수 있다.,"API 연동 가능성을 사전 확인하고, 데이터 흐름(입력→AI 처리→출력→기존 시스템 반영)을 설계하며, 단계적으로 통합하여 안정성을 확보한다.",AI 도구의 기술 사양과 성능만 비교하면 조직에 최적인 도구를 선택할 수 있다.,조직의 모든 업무에 AI를 동시에 도입하면 전사적 변화를 빠르게 달성할 수 있어 가장 효율적이다.,B,4,"정답은 B입니다. AI-기존 시스템 통합은 ①API 연동 확인 ②데이터 흐름 설계 ③단계적 통합의 순서입니다. 전면 교체는 리스크가 크고, 별도 운영은 이중 작업이 발생합니다. 리더는 통합 방향을 설정하고 IT와 협업합니다. 리더는 조직 상황을 종합적으로 고려하여 AI 도입·운영에 관한 최적의 판단을 내려야 합니다.",AXIS L1 AI 도입 전략·ROI,False,approved,배치2,1,,
59,AXIS,L1,AI 도입 전략·ROI,AI 도입 조직 구조,multiple_choice,governance,hard,AI 도입을 추진하는 조직 구조로 가장 적절한 것은?,조직의 AI 활용 역량은 도구 구매만으로 자동 확보되므로 교육 투자가 불필요하다.,AI 도구의 기술 사양과 성능만 비교하면 조직에 최적인 도구를 선택할 수 있다.,조직의 모든 업무에 AI를 동시에 도입하면 전사적 변화를 빠르게 달성할 수 있어 가장 효율적이다.,"CoE(Center of Excellence) 모델로 소규모 전문팀이 전략·표준·지원을 담당하고, 각 부서의 AI 챔피언이 현업 실행을 담당하는 허브-스포크 구조가 초기 도입에 효과적이다.",D,4,"정답은 D입니다. CoE(허브)가 전략·표준·지원을 제공하고, 각 부서 챔피언(스포크)이 현업 실행을 담당하는 구조가 효율적입니다. 전담 조직 신설은 비용이 크고, IT 전담은 현업 이해가 부족합니다. 리더는 AI 도입의 방향을 설정하고 체계적인 관리 구조를 수립하는 핵심 역할을 합니다.",AXIS L1 AI 도입 전략·ROI,False,approved,배치2,1,,
60,AXIS,L1,AI 도입 전략·ROI,AI 도입 Quick Win 전략,multiple_choice,case_judgment,easy,AI 도입 초기에 Quick Win(빠른 성과)을 확보하는 전략으로 가장 적절한 것은?,"쉽고·빠르게·가시적 성과를 낼 수 있는 업무(예: 회의록 정리, 보고서 초안)를 먼저 성공시켜 조직의 신뢰와 경영진 지지를 확보한 후, 점진적으로 복잡한 업무로 확대한다.",AI 도입의 성과는 도구 구독 기간이 길수록 자동으로 향상되므로 별도 관리가 불필요하다.,AI 도구의 기술 사양과 성능만 비교하면 조직에 최적인 도구를 선택할 수 있다.,AI 도입의 성과는 도구 사용 횟수로 측정하면 정확한 ROI를 산출할 수 있다.,A,4,정답은 A입니다. Quick Win은 ①쉬운 업무 ②빠른 성과 ③가시적 효과로 조직 신뢰를 구축하는 전략입니다. 복잡한 업무부터 시작하면 실패 확률이 높아 오히려 AI에 대한 부정적 인식이 형성됩니다. 리더는 조직 상황을 종합적으로 고려하여 AI 도입·운영에 관한 최적의 판단을 내려야 합니다.,AXIS L1 AI 도입 전략·ROI,False,approved,배치2,1,,
61,AXIS,L1,AI 도입 전략·ROI,AI 도입 성과 지속성,multiple_choice,governance,medium,AI 도입 초기 성과를 장기적으로 유지하는 방법으로 가장 적절한 것은?,AI 도구의 기술 사양과 성능만 비교하면 조직에 최적인 도구를 선택할 수 있다.,정기 성과 리뷰(월간/분기)·프롬프트 라이브러리 업데이트·신규 업무 발굴·교육 갱신·벤치마킹의 지속적 개선 사이클을 운영한다.,AI 활용 정책은 IT 부서가 단독으로 수립하면 되며 현업이나 법무 부서의 참여는 불필요하다.,AI 도입의 성과는 도구 사용 횟수로 측정하면 정확한 ROI를 산출할 수 있다.,B,4,정답은 B입니다. AI 성과 지속은 Plan-Do-Check-Act 사이클로 ①정기 리뷰 ②라이브러리 업데이트 ③신규 발굴 ④교육 갱신 ⑤벤치마킹을 반복합니다. 초기 설정 후 방치하면 도구 변화·인력 이동으로 성과가 감소합니다. 리더는 AI 도입의 방향을 설정하고 체계적인 관리 구조를 수립하는 핵심 역할을 합니다.,AXIS L1 AI 도입 전략·ROI,False,approved,배치2,1,,
62,AXIS,L1,AI 도입 전략·ROI,AI 도입 실패 후 재시도,multiple_choice,case_judgment,hard,AI 도입 1차 시도가 실패한 후 재시도할 때 가장 적절한 접근은?,조직의 모든 업무에 AI를 동시에 도입하면 전사적 변화를 빠르게 달성할 수 있어 가장 효율적이다.,AI 도입의 성과는 도구 구독 기간이 길수록 자동으로 향상되므로 별도 관리가 불필요하다.,AI 도입의 성과는 도구 사용 횟수로 측정하면 정확한 ROI를 산출할 수 있다.,"1차 실패 원인을 5 Why 분석으로 근본 원인을 파악하고, 대상 업무·도구·교육·프로세스 중 변경이 필요한 요소를 식별하여 개선 후 재시도한다.",D,4,"정답은 D입니다. 실패 후 재시도는 ①5 Why 분석 ②근본 원인 식별 ③변경 요소 결정(업무/도구/교육/프로세스) ④개선 후 재시도의 순서입니다. 동일 방식 반복은 같은 실패를 야기하고, 도구만 교체해도 근본 원인이 해소되지 않습니다. 리더는 조직 상황을 종합적으로 고려하여 AI 도입·운영에 관한 최적의 판단을 내려야 합니다.",AXIS L1 AI 도입 전략·ROI,False,approved,배치2,1,,
63,AXIS,L1,AI 도입 전략·ROI,AI 도입과 업무 효율 측정,multiple_choice,governance,medium,AI 도입 전후의 업무 효율을 정확하게 측정하는 방법은?,"도입 전 2~4주간 업무별 소요 시간·오류율·산출물 수를 기록(Baseline)하고, 도입 후 동일 기간 동일 지표를 측정하여 Before-After를 정량 비교한다.",조직의 모든 업무에 AI를 동시에 도입하면 전사적 변화를 빠르게 달성할 수 있어 가장 효율적이다.,AI 도입은 IT 부서가 단독으로 수행하면 현업의 참여 없이도 성공적으로 완료할 수 있다.,AI 도구의 기술 사양과 성능만 비교하면 조직에 최적인 도구를 선택할 수 있다.,A,4,"정답은 A입니다. 효율 측정은 ①Baseline 수립(도입 전 정량 데이터) ②동일 지표 도입 후 측정 ③Before-After 비교의 구조입니다. Baseline 없이는 ""얼마나 좋아졌는지""를 증명할 수 없습니다. 리더는 AI 도입의 방향을 설정하고 체계적인 관리 구조를 수립하는 핵심 역할을 합니다.",AXIS L1 AI 도입 전략·ROI,False,approved,배치2,1,,
64,AXIS,L1,AI 도입 전략·ROI,AI 도입 예산 확보 전략,multiple_choice,case_judgment,medium,경영진에게 AI 도입 예산을 확보하는 가장 효과적인 전략은?,AI 도구의 기술 사양과 성능만 비교하면 조직에 최적인 도구를 선택할 수 있다.,AI 도입의 성과는 도구 사용 횟수로 측정하면 정확한 ROI를 산출할 수 있다.,"소규모 파일럿의 정량적 성과(시간 절감×인건비=금액)를 증거로 제시하고, 전사 확산 시 기대 ROI를 투영하여 ""투자 대비 회수"" 관점으로 제안한다.",조직의 모든 업무에 AI를 동시에 도입하면 전사적 변화를 빠르게 달성할 수 있어 가장 효율적이다.,C,4,"정답은 C입니다. 예산 확보는 ①파일럿 성과(증거) ②ROI 투영(기대 효과) ③투자 관점(비용 대비 회수)의 구조가 효과적입니다. 기술 강조나 경쟁사 따라하기보다 ""숫자로 증명""하는 것이 경영진을 설득합니다. 리더는 조직 상황을 종합적으로 고려하여 AI 도입·운영에 관한 최적의 판단을 내려야 합니다.",AXIS L1 AI 도입 전략·ROI,False,approved,배치2,1,,
65,AXIS,L1,AI 도입 전략·ROI,AI 도입 단계별 KPI,multiple_choice,governance,hard,AI 도입 로드맵의 각 단계별 적합한 KPI 조합은?,AI 도구의 기술 사양과 성능만 비교하면 조직에 최적인 도구를 선택할 수 있다.,파일럿 없이 전사 동시 도입하면 시간을 절약하고 모든 부서가 균등한 성과를 달성할 수 있다.,조직의 모든 업무에 AI를 동시에 도입하면 전사적 변화를 빠르게 달성할 수 있어 가장 효율적이다.,준비 단계: 교육 이수율·정책 수립 완료 / 파일럿: 시간 절감률·만족도·오류율 / 확산: 활용 부서 수·프롬프트 재사용률 / 정착: ROI·혁신 건수·AI 성숙도로 단계별 차별화한다.,D,4,정답은 D입니다. 단계별 KPI는 준비(투입)→파일럿(검증)→확산(확대)→정착(성과)에 맞게 차별화합니다. 전 단계에 동일 KPI를 적용하면 초기 단계에서 성과 미달로 프로젝트가 좌초될 수 있습니다. 리더는 AI 도입의 방향을 설정하고 체계적인 관리 구조를 수립하는 핵심 역할을 합니다.,AXIS L1 AI 도입 전략·ROI,False,approved,배치2,1,,
66,AXIS,L1,AI 도입 전략·ROI,AI 도입 기회비용,multiple_choice,concept,hard,AI 도입의 기회비용 개념으로 가장 적절한 것은?,AI 활용 정책은 IT 부서가 단독으로 수립하면 되며 현업이나 법무 부서의 참여는 불필요하다.,조직의 모든 업무에 AI를 동시에 도입하면 전사적 변화를 빠르게 달성할 수 있어 가장 효율적이다.,AI 도입의 성과는 도구 사용 횟수로 측정하면 정확한 ROI를 산출할 수 있다.,"AI를 도입하지 않았을 때 계속 발생하는 비효율(수작업 시간·오류 비용·경쟁력 하락)이 기회비용이며, 이를 정량화하면 도입의 당위성을 강화할 수 있다.",D,4,"정답은 D입니다. AI 미도입의 기회비용은 수작업 시간×인건비+오류 비용+경쟁력 하락입니다. 리더는 ""도입 비용""뿐 아니라 ""미도입 비용""도 제시하여 경영진의 의사결정을 지원합니다. 이 개념을 정확히 이해하면 조직의 AI 전환을 전략적으로 이끌 수 있습니다. 이 개념을 정확히 이해하면 조직의 AI 전환을 전략적으로 이끄는 데 큰 도움이 됩니다.",AXIS L1 AI 도입 전략·ROI,False,approved,배치2,1,,
67,AXIS,L1,AI 도입 전략·ROI,데이터 기반 도입 판단,multiple_choice,case_judgment,medium,AI 도입 여부를 데이터 기반으로 판단하는 프로세스로 가장 적절한 것은?,AI 활용 정책은 IT 부서가 단독으로 수립하면 되며 현업이나 법무 부서의 참여는 불필요하다.,조직의 AI 성숙도는 최신 도구를 도입하면 자동으로 최고 단계에 도달한다.,업무 데이터 수집(시간·빈도·오류) → AI 적합성 평가(매트릭스) → PoC/파일럿(소규모 검증) → 성과 데이터 분석 → 도입 판단(Go/No-Go)의 데이터 기반 의사결정 프로세스를 따른다.,AI 도구의 기술 사양과 성능만 비교하면 조직에 최적인 도구를 선택할 수 있다.,C,4,정답은 C입니다. 데이터 기반 도입 판단은 업무 데이터→적합성 평가→검증→성과 분석→의사결정의 체계적 프로세스입니다. 경험·벤더·경쟁사가 아닌 조직 고유의 데이터가 의사결정의 근거여야 합니다. 리더는 조직 상황을 종합적으로 고려하여 AI 도입·운영에 관한 최적의 판단을 내려야 합니다. 리더는 조직 상황을 종합적으로 고려하여 AI 도입·운영에 관한 최적의 판단을 내려야 합니다.,AXIS L1 AI 도입 전략·ROI,False,approved,배치2,1,,
68,AXIS,L1,AI 도입 전략·ROI,AI 도입 확산 전략,multiple_choice,governance,medium,파일럿 성공 후 전사 확산을 위한 전략으로 가장 적절한 것은?,AI 도구의 기술 사양과 성능만 비교하면 조직에 최적인 도구를 선택할 수 있다.,"파일럿 성과를 표준화(프로세스·프롬프트·체크리스트)한 후, 2~3개 부서씩 단계적으로 확산하며 부서별 맞춤 교육과 챔피언 지원을 병행한다. 확산 단계별 성과를 모니터링한다.",AI 도입은 IT 부서가 단독으로 수행하면 현업의 참여 없이도 성공적으로 완료할 수 있다.,AI 도입의 성과는 도구 사용 횟수로 측정하면 정확한 ROI를 산출할 수 있다.,B,4,"정답은 B입니다. 확산 전략은 ①표준화 ②단계적 확대(2~3부서씩) ③맞춤 교육 ④챔피언 지원 ⑤모니터링의 구조입니다. 동시 이식은 지원 역량이 분산되고, 공지만으로는 실행력이 부족합니다. 리더는 AI 도입의 방향을 설정하고 체계적인 관리 구조를 수립하는 핵심 역할을 합니다. 리더는 AI 도입의 방향을 설정하고 체계적인 관리 구조를 수립하여 조직의 AI 전환을 이끌어야 합니다.",AXIS L1 AI 도입 전략·ROI,False,approved,배치2,1,,
69,AXIS,L1,AI 도입 전략·ROI,AI 도입과 조직문화,multiple_choice,case_judgment,hard,AI 도입이 조직문화에 미치는 영향을 관리하는 가장 적절한 방법은?,AI 도입은 IT 부서가 단독으로 수행하면 현업의 참여 없이도 성공적으로 완료할 수 있다.,AI 도입의 성과는 도구 사용 횟수로 측정하면 정확한 ROI를 산출할 수 있다.,"AI 도입이 업무 방식·의사소통·의사결정 방식에 미치는 변화를 사전 진단하고, 긍정적 변화(효율·혁신)는 강화하고 부정적 변화(불안·저항)는 완화하는 변화관리 프로그램을 운영한다.",AI 도구의 기술 사양과 성능만 비교하면 조직에 최적인 도구를 선택할 수 있다.,C,4,"정답은 C입니다. AI 도입은 조직문화에 깊은 영향을 줍니다. 리더는 변화를 사전 진단하고, 긍정 변화 강화+부정 변화 완화의 양면 관리를 수행합니다. 조직문화는 HR만의 업무가 아닌 AI 도입 리더의 핵심 책임입니다. 리더는 조직 상황을 종합적으로 고려하여 AI 도입·운영에 관한 최적의 판단을 내려야 합니다.",AXIS L1 AI 도입 전략·ROI,False,approved,배치2,1,,
70,AXIS,L1,AI 도입 전략·ROI,AI 도입 벤치마크 방법론,multiple_choice,concept,easy,AI 도입 벤치마크를 효과적으로 수행하는 방법론은?,"동일 업종(직접 벤치마크)과 이종 업종(간접 벤치마크)을 모두 조사하고, 도입 목적·규모·기간·투자·성과·실패 요인을 체계적으로 분석하여 자사에 적용 가능한 교훈을 도출한다.",AI 활용 정책은 IT 부서가 단독으로 수립하면 되며 현업이나 법무 부서의 참여는 불필요하다.,조직의 모든 업무에 AI를 동시에 도입하면 전사적 변화를 빠르게 달성할 수 있어 가장 효율적이다.,AI 도입의 성과는 도구 사용 횟수로 측정하면 정확한 ROI를 산출할 수 있다.,A,4,정답은 A입니다. 벤치마크는 ①동일 업종(직접: 유사 환경) ②이종 업종(간접: 혁신 아이디어)을 모두 조사합니다. 벤더 사례는 성공 편향이 있으므로 객관적 정보를 다각도로 수집해야 합니다. 이 개념을 정확히 이해하면 조직의 AI 전환을 전략적으로 이끌 수 있습니다. 이 개념을 정확히 이해하면 조직의 AI 전환을 전략적으로 이끄는 데 큰 도움이 됩니다.,AXIS L1 AI 도입 전략·ROI,False,approved,배치2,1,,
71,AXIS,L1,AI 도입 전략·ROI,AI와 프로세스 마이닝,multiple_choice,concept,hard,프로세스 마이닝을 AI 도입에 활용하는 방법으로 가장 적절한 것은?,조직의 모든 업무에 AI를 동시에 도입하면 전사적 변화를 빠르게 달성할 수 있어 가장 효율적이다.,파일럿 없이 전사 동시 도입하면 시간을 절약하고 모든 부서가 균등한 성과를 달성할 수 있다.,"기존 업무 프로세스의 실제 수행 데이터를 분석하여 병목·비효율·이탈 경로를 객관적으로 발견하고, AI 자동화 대상을 데이터 기반으로 선정하는 As-Is 분석 도구로 활용한다.",AI 도입의 성과는 도구 사용 횟수로 측정하면 정확한 ROI를 산출할 수 있다.,C,4,"정답은 C입니다. 프로세스 마이닝은 실제 업무 수행 데이터를 분석하여 병목·비효율을 객관적으로 발견하는 도구입니다. AI 도입의 As-Is 분석에 활용하면 ""어디에 AI를 적용할 것인가""를 데이터 기반으로 결정할 수 있습니다. 이 개념을 정확히 이해하면 조직의 AI 전환을 전략적으로 이끌 수 있습니다.",AXIS L1 AI 도입 전략·ROI,False,approved,배치2,1,,
72,AXIS,L1,AI 도입 전략·ROI,AI 도입 투자 회수 기간,multiple_choice,governance,medium,AI 도입 투자의 회수 기간(Payback Period)을 산출할 때 가장 적절한 방법은?,AI 도입의 성과는 도구 사용 횟수로 측정하면 정확한 ROI를 산출할 수 있다.,AI 도구의 기술 사양과 성능만 비교하면 조직에 최적인 도구를 선택할 수 있다.,"총 투자 비용(도구+교육+개발+운영)을 월간 절감 효과(시간×인건비+오류 비용 감소)로 나누어 회수 기간을 산출하고, 3년 TCO 기준으로 순현재가치(NPV)도 함께 제시한다.",조직의 모든 업무에 AI를 동시에 도입하면 전사적 변화를 빠르게 달성할 수 있어 가장 효율적이다.,C,4,정답은 C입니다. 회수 기간은 총 투자÷월간 절감으로 산출합니다. 리더는 단순 회수 기간뿐 아니라 3~5년 TCO와 NPV를 함께 제시하여 경영진의 투자 의사결정을 지원해야 합니다. 리더는 AI 도입의 방향을 설정하고 체계적인 관리 구조를 수립하는 핵심 역할을 합니다. 리더는 AI 도입의 방향을 설정하고 체계적인 관리 구조를 수립하여 조직의 AI 전환을 이끌어야 합니다.,AXIS L1 AI 도입 전략·ROI,False,approved,배치2,1,,
73,AXIS,L1,AI 도입 전략·ROI,AI 도구 멀티벤더 전략,multiple_choice,case_judgment,easy,여러 AI 도구를 동시에 활용하는 멀티벤더 전략의 가장 적절한 운영 방법은?,AI 도구의 기술 사양과 성능만 비교하면 조직에 최적인 도구를 선택할 수 있다.,경영진 보고 시 AI의 기술적 사양과 알고리즘을 상세히 설명하면 투자 승인을 받을 수 있다.,"업무 특성별로 최적의 도구를 배정하되, 도구 수를 3개 이하로 제한하고 통합 관리 체계(도구별 용도·권한·비용·성과)를 수립한다.",AI 도입의 성과는 도구 사용 횟수로 측정하면 정확한 ROI를 산출할 수 있다.,C,4,"정답은 C입니다. 멀티벤더는 Lock-in 방지와 업무 최적화의 장점이 있지만, 도구가 과도하면 관리 비용이 증가합니다. 3개 이하로 제한하고 통합 관리 체계를 수립하는 것이 현실적입니다. 리더는 조직 상황을 종합적으로 고려하여 AI 도입·운영에 관한 최적의 판단을 내려야 합니다. 리더는 조직 상황을 종합적으로 고려하여 AI 도입·운영에 관한 최적의 판단을 내려야 합니다.",AXIS L1 AI 도입 전략·ROI,False,approved,배치2,1,,
74,AXIS,L1,AI 도입 전략·ROI,AI 도입과 경쟁 우위,multiple_choice,concept,medium,AI 도입을 통해 조직이 경쟁 우위를 확보하는 메커니즘은?,경영진 보고 시 AI의 기술적 사양과 알고리즘을 상세히 설명하면 투자 승인을 받을 수 있다.,"AI로 업무 효율을 높여 비용을 절감하고, 고부가 업무에 인력을 재배치하며, 데이터 기반 의사결정으로 속도와 품질을 동시에 향상시켜 경쟁사 대비 차별화를 달성한다.",AI 도구의 기술 사양과 성능만 비교하면 조직에 최적인 도구를 선택할 수 있다.,AI 도입의 성과는 도구 사용 횟수로 측정하면 정확한 ROI를 산출할 수 있다.,B,4,"정답은 B입니다. AI 경쟁 우위는 ①비용 절감(효율) ②인력 재배치(고부가) ③의사결정 속도·품질(데이터 기반)의 3가지 경로로 달성됩니다. 도구 사용 자체가 아닌, 조직의 활용 수준이 차별화를 만듭니다. 이 개념을 정확히 이해하면 조직의 AI 전환을 전략적으로 이끌 수 있습니다. 이 개념을 정확히 이해하면 조직의 AI 전환을 전략적으로 이끄는 데 큰 도움이 됩니다.",AXIS L1 AI 도입 전략·ROI,False,approved,배치2,1,,
75,AXIS,L1,AX 프로젝트 기획·실행,AX 프로젝트 스코핑,multiple_choice,governance,medium,AX 프로젝트의 범위(Scope)를 정의할 때 가장 적절한 방법은?,①목표 업무(In-Scope) ②제외 업무(Out-of-Scope) ③성공 기준 ④제약 조건 ⑤가정 사항을 명시하여 프로젝트 헌장(Charter)을 작성하고 이해관계자 합의를 받는다.,조직의 모든 업무에 AI를 동시에 도입하면 전사적 변화를 빠르게 달성할 수 있어 가장 효율적이다.,AI 도입의 성과는 도구 구독 기간이 길수록 자동으로 향상되므로 별도 관리가 불필요하다.,AI 도입의 성과는 도구 사용 횟수로 측정하면 정확한 ROI를 산출할 수 있다.,A,3,"정답은 A입니다. 프로젝트 스코핑은 In/Out Scope·성공 기준·제약·가정을 명시하고 합의받는 것입니다. 범위 미정의는 Scope Creep(범위 확대)을 야기하고, 과도한 범위는 리소스를 분산시킵니다. 리더는 AI 도입의 방향을 설정하고 체계적인 관리 구조를 수립하는 핵심 역할을 합니다.",AXIS L1 AX 프로젝트 기획·실행,False,approved,배치2,1,,
76,AXIS,L1,AX 프로젝트 기획·실행,변화관리 커뮤니케이션,multiple_choice,case_judgment,medium,AI 도입 변화관리에서 직원 커뮤니케이션의 가장 효과적인 방법은?,AI 도입의 성과는 도구 사용 횟수로 측정하면 정확한 ROI를 산출할 수 있다.,조직의 모든 업무에 AI를 동시에 도입하면 전사적 변화를 빠르게 달성할 수 있어 가장 효율적이다.,AI 도구의 기술 사양과 성능만 비교하면 조직에 최적인 도구를 선택할 수 있다.,①킥오프 미팅(왜·무엇을) ②주간 업데이트(진행·성과) ③성공 사례 공유(동료 사례) ④FAQ 운영(질문 해소) ⑤타운홀(경영진 직접 소통)을 단계별로 운영한다.,D,3,"정답은 D입니다. 변화관리 커뮤니케이션은 5가지 채널을 단계별로 운영합니다. 1회 공지는 기억에 남지 않으며, 반복적·다채널 소통이 변화 수용도를 높입니다. 리더는 조직 상황을 종합적으로 고려하여 AI 도입·운영에 관한 최적의 판단을 내려야 합니다. 리더는 조직 상황을 종합적으로 고려하여 AI 도입·운영에 관한 최적의 판단을 내려야 합니다.",AXIS L1 AX 프로젝트 기획·실행,False,approved,배치2,1,,
77,AXIS,L1,AX 프로젝트 기획·실행,AI 교육 커리큘럼 설계,multiple_choice,governance,hard,조직 전체의 AI 교육 커리큘럼을 설계할 때 가장 적절한 구조는?,AI 도입의 성과는 도구 구독 기간이 길수록 자동으로 향상되므로 별도 관리가 불필요하다.,조직의 모든 업무에 AI를 동시에 도입하면 전사적 변화를 빠르게 달성할 수 있어 가장 효율적이다.,"역할별 트랙(경영진: AI 전략·ROI / 팀장: 도입·관리 / 실무자: 도구·프롬프트 / IT: 보안·통합)으로 구분하고, 수준별(입문→심화→전문가)로 단계화하여 학습 경로를 설계한다.",AI 도입의 성과는 도구 사용 횟수로 측정하면 정확한 ROI를 산출할 수 있다.,C,3,"정답은 C입니다. AI 교육 커리큘럼은 역할별 트랙(경영진/팀장/실무자/IT)×수준별 단계(입문→심화→전문가)의 매트릭스로 설계합니다. 동일 교육은 효율이 낮고, 외부 일반 강좌는 조직 맥락이 부족합니다. 리더는 AI 도입의 방향을 설정하고 체계적인 관리 구조를 수립하는 핵심 역할을 합니다.",AXIS L1 AX 프로젝트 기획·실행,False,approved,배치2,1,,
78,AXIS,L1,AX 프로젝트 기획·실행,AX 프로젝트 리스크 관리,multiple_choice,case_judgment,hard,AX 프로젝트 진행 중 핵심 인력이 이탈할 위험이 있을 때 가장 적절한 대응은?,경영진 보고 시 AI의 기술적 사양과 알고리즘을 상세히 설명하면 투자 승인을 받을 수 있다.,①핵심 지식을 문서화(프롬프트·프로세스·노하우) ②백업 인력을 사전 육성 ③지식 공유 세션을 정기 운영하여 개인 의존도를 줄이고 조직 역량으로 전환한다.,AI 도입의 성과는 도구 사용 횟수로 측정하면 정확한 ROI를 산출할 수 있다.,AI 도구의 기술 사양과 성능만 비교하면 조직에 최적인 도구를 선택할 수 있다.,B,3,"정답은 B입니다. 핵심 인력 이탈 대비는 ①문서화 ②백업 육성 ③지식 공유로 개인→조직 역량 전환이 핵심입니다. 보상만으로는 이탈을 완전히 방지할 수 없으며, 지식이 개인에게만 있으면 프로젝트가 중단됩니다. 리더는 조직 상황을 종합적으로 고려하여 AI 도입·운영에 관한 최적의 판단을 내려야 합니다.",AXIS L1 AX 프로젝트 기획·실행,False,approved,배치2,1,,
79,AXIS,L1,AX 프로젝트 기획·실행,AI 활용 성숙도 평가,multiple_choice,governance,medium,조직의 AI 활용 성숙도를 주기적으로 평가하는 가장 적절한 방법은?,조직의 모든 업무에 AI를 동시에 도입하면 전사적 변화를 빠르게 달성할 수 있어 가장 효율적이다.,AI 도구의 기술 사양과 성능만 비교하면 조직에 최적인 도구를 선택할 수 있다.,"반기 1회 ①활용 범위(부서·업무 수) ②활용 깊이(단순 사용→워크플로우 통합) ③정책 준수 ④교육 현황 ⑤성과 지표를 평가하고, 단계별 로드맵과 비교하여 Gap을 분석한다.",AI 도입의 성과는 도구 사용 횟수로 측정하면 정확한 ROI를 산출할 수 있다.,C,3,"정답은 C입니다. 성숙도 평가는 반기 1회 ①범위 ②깊이 ③정책 ④교육 ⑤성과를 종합 평가하고, 로드맵 대비 Gap을 분석합니다. 주기적 평가를 통해 진행 상황을 객관적으로 파악하고 개선 방향을 설정합니다. 리더는 AI 도입의 방향을 설정하고 체계적인 관리 구조를 수립하는 핵심 역할을 합니다.",AXIS L1 AX 프로젝트 기획·실행,False,approved,배치2,1,,
80,AXIS,L1,AX 프로젝트 기획·실행,AI 도입 저항 유형별 대응,multiple_choice,case_judgment,medium,직원의 AI 저항 유형별 대응 전략으로 가장 적절한 것은?,AI 도입은 IT 부서가 단독으로 수행하면 현업의 참여 없이도 성공적으로 완료할 수 있다.,경영진 보고 시 AI의 기술적 사양과 알고리즘을 상세히 설명하면 투자 승인을 받을 수 있다.,능력 부족형(교육·멘토링) / 의지 부족형(성공 사례·인센티브) / 불안형(공감·비전 제시) / 무관심형(Quick Win 경험 제공)으로 유형별 맞춤 대응을 수행한다.,AI 도구의 기술 사양과 성능만 비교하면 조직에 최적인 도구를 선택할 수 있다.,C,3,정답은 C입니다. 저항 유형별 대응은 ①능력(교육) ②의지(인센티브) ③불안(공감) ④무관심(경험 제공)으로 차별화합니다. 동일 대응이나 불이익은 오히려 저항을 강화합니다. 리더는 조직 상황을 종합적으로 고려하여 AI 도입·운영에 관한 최적의 판단을 내려야 합니다. 리더는 조직 상황을 종합적으로 고려하여 AI 도입·운영에 관한 최적의 판단을 내려야 합니다.,AXIS L1 AX 프로젝트 기획·실행,False,approved,배치2,1,,
81,AXIS,L1,AX 프로젝트 기획·실행,AI 활용 표준화 프로세스,multiple_choice,governance,medium,AI 활용의 표준 프로세스를 조직에 정착시키는 방법으로 가장 적절한 것은?,"표준 프로세스를 현업과 함께 설계하고, 가이드라인+체크리스트+템플릿을 제공하며, 준수 여부를 정기 점검하되 현업 피드백을 반영하여 지속 개선한다.",AI 도입은 IT 부서가 단독으로 수행하면 현업의 참여 없이도 성공적으로 완료할 수 있다.,조직의 모든 업무에 AI를 동시에 도입하면 전사적 변화를 빠르게 달성할 수 있어 가장 효율적이다.,AI 도구의 기술 사양과 성능만 비교하면 조직에 최적인 도구를 선택할 수 있다.,A,3,"정답은 A입니다. 표준 정착은 ①현업 참여 설계(수용도) ②도구 제공(가이드+체크리스트+템플릿) ③점검+피드백(개선)의 순환입니다. 강제보다 참여가, IT 단독보다 현업 협업이 정착률을 높입니다. 리더는 AI 도입의 방향을 설정하고 체계적인 관리 구조를 수립하는 핵심 역할을 합니다. 리더는 AI 도입의 방향을 설정하고 체계적인 관리 구조를 수립하여 조직의 AI 전환을 이끌어야 합니다.",AXIS L1 AX 프로젝트 기획·실행,False,approved,배치2,1,,
82,AXIS,L1,AX 프로젝트 기획·실행,AX 프로젝트 이해관계자 갈등,multiple_choice,case_judgment,hard,AX 프로젝트에서 부서 간 이해 갈등이 발생했을 때 리더의 가장 적절한 중재 방법은?,"각 부서의 우려를 경청하고, 공통 목표(조직 전체 효율)를 재확인한 후, 부서별 이해를 반영한 Win-Win 방안을 도출한다. 합의가 어려우면 경영진 의사결정을 요청한다.",경영진 보고 시 AI의 기술적 사양과 알고리즘을 상세히 설명하면 투자 승인을 받을 수 있다.,AI 도구의 기술 사양과 성능만 비교하면 조직에 최적인 도구를 선택할 수 있다.,AI 도입의 성과는 도구 사용 횟수로 측정하면 정확한 ROI를 산출할 수 있다.,A,3,"정답은 A입니다. 갈등 중재는 ①경청 ②공통 목표 재확인 ③Win-Win 도출 ④필요시 경영진 판단의 순서입니다. 무시나 일방적 수용은 갈등을 심화시키며, 중단은 최후의 수단입니다. 리더는 조직 상황을 종합적으로 고려하여 AI 도입·운영에 관한 최적의 판단을 내려야 합니다. 리더는 조직 상황을 종합적으로 고려하여 AI 도입·운영에 관한 최적의 판단을 내려야 합니다.",AXIS L1 AX 프로젝트 기획·실행,False,approved,배치2,1,,
83,AXIS,L1,AX 프로젝트 기획·실행,AI 교육 이수 동기 부여,multiple_choice,case_judgment,easy,직원의 AI 교육 이수 동기를 높이는 가장 적절한 방법은?,조직의 모든 업무에 AI를 동시에 도입하면 전사적 변화를 빠르게 달성할 수 있어 가장 효율적이다.,AI 활용 정책은 IT 부서가 단독으로 수립하면 되며 현업이나 법무 부서의 참여는 불필요하다.,AI 도입의 성과는 도구 사용 횟수로 측정하면 정확한 ROI를 산출할 수 있다.,"교육 이수자에게 디지털 배지(인증)를 부여하고, 우수 활용 사례를 시상하며, 교육이 개인의 경력 성장과 연결됨을 보여주어 내재적 동기를 촉진한다.",D,3,"정답은 D입니다. 교육 동기 부여는 ①인증(배지) ②인정(시상) ③경력 연결(성장)로 내재적 동기를 촉진합니다. 불이익은 외재적 동기로 지속성이 약하고, 의무화만으로는 학습 몰입이 낮습니다. 리더는 조직 상황을 종합적으로 고려하여 AI 도입·운영에 관한 최적의 판단을 내려야 합니다. 리더는 조직 상황을 종합적으로 고려하여 AI 도입·운영에 관한 최적의 판단을 내려야 합니다.",AXIS L1 AX 프로젝트 기획·실행,False,approved,배치2,1,,
84,AXIS,L1,AX 프로젝트 기획·실행,AI 활용 대시보드 설계,multiple_choice,governance,medium,경영진용 AI 활용 대시보드에 포함할 핵심 지표로 가장 적절한 것은?,AI 도입의 성과는 도구 구독 기간이 길수록 자동으로 향상되므로 별도 관리가 불필요하다.,조직의 AI 활용 역량은 도구 구매만으로 자동 확보되므로 교육 투자가 불필요하다.,조직의 모든 업무에 AI를 동시에 도입하면 전사적 변화를 빠르게 달성할 수 있어 가장 효율적이다.,①활용률(부서별 사용 현황) ②효율 지표(시간 절감·처리량) ③품질 지표(오류율·만족도) ④비용 대비 효과(ROI) ⑤교육 현황을 한 화면에 시각화한다.,D,3,"정답은 D입니다. 경영진 대시보드는 ①활용률 ②효율 ③품질 ④ROI ⑤교육을 한 화면에 시각화합니다. 경영진은 ""전체 그림""을 한 눈에 파악하고 의사결정에 활용할 수 있어야 합니다. 리더는 AI 도입의 방향을 설정하고 체계적인 관리 구조를 수립하는 핵심 역할을 합니다. 리더는 AI 도입의 방향을 설정하고 체계적인 관리 구조를 수립하여 조직의 AI 전환을 이끌어야 합니다.",AXIS L1 AX 프로젝트 기획·실행,False,approved,배치2,1,,
85,AXIS,L1,AX 프로젝트 기획·실행,파일럿 종료 판단 기준,multiple_choice,case_judgment,hard,AI 파일럿을 종료하고 확산으로 전환할지 판단하는 기준으로 가장 적절한 것은?,AI 도입 프로젝트의 리스크는 도구 성능에만 존재하므로 조직·보안·법적 리스크는 고려할 필요가 없다.,파일럿 없이 전사 동시 도입하면 시간을 절약하고 모든 부서가 균등한 성과를 달성할 수 있다.,"사전 정의한 성공 기준(시간 절감률 30%+, 사용자 만족도 4점+/5점, 오류율 감소)을 충족하는지 정량 평가하고, 미달 항목의 개선 가능성을 판단하여 확산/재시행/중단을 결정한다.",AI 도입의 성과는 도구 사용 횟수로 측정하면 정확한 ROI를 산출할 수 있다.,C,3,정답은 C입니다. 파일럿 종료 판단은 ①사전 성공 기준 대비 정량 평가 ②미달 항목 개선 가능성 판단 ③Go/Retry/Stop 의사결정의 체계적 프로세스입니다. 기간 만료나 주관적 판단이 아닌 데이터 기반 의사결정이 핵심입니다. 리더는 조직 상황을 종합적으로 고려하여 AI 도입·운영에 관한 최적의 판단을 내려야 합니다.,AXIS L1 AX 프로젝트 기획·실행,False,approved,배치2,1,,
86,AXIS,L1,AX 프로젝트 기획·실행,AI 활용 사례 아카이빙,multiple_choice,concept,easy,조직 내 AI 활용 사례를 체계적으로 아카이빙하는 방법은?,조직의 모든 업무에 AI를 동시에 도입하면 전사적 변화를 빠르게 달성할 수 있어 가장 효율적이다.,"업무·부서·도구·프롬프트·성과(정량)·교훈을 포함한 사례 카드를 표준 양식으로 축적하고, 전 직원이 검색·참조할 수 있는 사례 라이브러리를 운영한다.",조직의 AI 활용 역량은 도구 구매만으로 자동 확보되므로 교육 투자가 불필요하다.,AI 도구의 기술 사양과 성능만 비교하면 조직에 최적인 도구를 선택할 수 있다.,B,3,정답은 B입니다. 사례 아카이빙은 ①표준 양식(사례 카드) ②성공+실패 모두 포함 ③검색 가능한 라이브러리 ④전 직원 접근으로 구성합니다. 실패 사례의 교훈이 성공 사례만큼 가치가 있습니다. 이 개념을 정확히 이해하면 조직의 AI 전환을 전략적으로 이끌 수 있습니다. 이 개념을 정확히 이해하면 조직의 AI 전환을 전략적으로 이끄는 데 큰 도움이 됩니다.,AXIS L1 AX 프로젝트 기획·실행,False,approved,배치2,1,,
87,AXIS,L1,AX 프로젝트 기획·실행,AI 도입 후 조직 역량 변화,multiple_choice,governance,medium,AI 도입 후 조직에 필요한 역량 변화로 가장 적절한 것은?,"프롬프트 설계·AI 산출물 검증·데이터 해석·비판적 사고·보안 인식이 새로운 핵심 역량으로 부상하며, 기존 역량에 AI 활용 역량을 추가한 역량 모델을 재설계해야 한다.",조직의 모든 업무에 AI를 동시에 도입하면 전사적 변화를 빠르게 달성할 수 있어 가장 효율적이다.,AI 도구의 기술 사양과 성능만 비교하면 조직에 최적인 도구를 선택할 수 있다.,AI 도입의 성과는 도구 사용 횟수로 측정하면 정확한 ROI를 산출할 수 있다.,A,3,"정답은 A입니다. AI 시대의 핵심 역량은 프롬프트 설계·검증·해석·비판적 사고·보안입니다. 기존 역량에 AI 활용 역량을 추가한 역량 모델 재설계가 필요하며, 이는 교육·평가·채용에 반영됩니다. 리더는 AI 도입의 방향을 설정하고 체계적인 관리 구조를 수립하는 핵심 역할을 합니다. 리더는 AI 도입의 방향을 설정하고 체계적인 관리 구조를 수립하여 조직의 AI 전환을 이끌어야 합니다.",AXIS L1 AX 프로젝트 기획·실행,False,approved,배치2,1,,
88,AXIS,L1,AX 프로젝트 기획·실행,AX 프로젝트 거버넌스,multiple_choice,governance,hard,AX 프로젝트의 거버넌스 구조로 가장 적절한 것은?,파일럿 없이 전사 동시 도입하면 시간을 절약하고 모든 부서가 균등한 성과를 달성할 수 있다.,"스티어링 위원회(전략·예산 의사결정) → 프로젝트 리더(실행·관리) → 워킹 그룹(실무·실행) → AI 챔피언(부서 연결)의 계층 구조를 수립하고, 의사결정 권한과 보고 라인을 명확히 한다.",AI 활용 정책은 IT 부서가 단독으로 수립하면 되며 현업이나 법무 부서의 참여는 불필요하다.,조직의 모든 업무에 AI를 동시에 도입하면 전사적 변화를 빠르게 달성할 수 있어 가장 효율적이다.,B,3,정답은 B입니다. AX 거버넌스는 스티어링 위원회(전략)→프로젝트 리더(실행)→워킹 그룹(실무)→챔피언(부서)의 계층 구조입니다. 의사결정 권한이 명확해야 프로젝트가 원활히 진행됩니다. 리더는 AI 도입의 방향을 설정하고 체계적인 관리 구조를 수립하는 핵심 역할을 합니다. 리더는 AI 도입의 방향을 설정하고 체계적인 관리 구조를 수립하여 조직의 AI 전환을 이끌어야 합니다.,AXIS L1 AX 프로젝트 기획·실행,False,approved,배치2,1,,
89,AXIS,L1,AX 프로젝트 기획·실행,AI 도입 후 지속 교육,multiple_choice,case_judgment,medium,AI 도입 후 지속 교육 체계로 가장 적절한 것은?,AI 활용 정책은 IT 부서가 단독으로 수립하면 되며 현업이나 법무 부서의 참여는 불필요하다.,"분기 1회 신기능·사례 업데이트 교육, 월간 CoP(커뮤니티) 활동, 신규 입사자 온보딩 교육, 연간 역량 평가+맞춤 교육의 지속 학습 체계를 운영한다.",AI 도입의 성과는 도구 사용 횟수로 측정하면 정확한 ROI를 산출할 수 있다.,조직의 모든 업무에 AI를 동시에 도입하면 전사적 변화를 빠르게 달성할 수 있어 가장 효율적이다.,B,3,정답은 B입니다. 지속 교육은 ①분기 업데이트 ②월간 CoP ③신규 온보딩 ④연간 역량 평가의 다층 구조입니다. 1회 교육은 도구 변화와 인력 이동에 대응할 수 없습니다. 리더는 조직 상황을 종합적으로 고려하여 AI 도입·운영에 관한 최적의 판단을 내려야 합니다. 리더는 조직 상황을 종합적으로 고려하여 AI 도입·운영에 관한 최적의 판단을 내려야 합니다.,AXIS L1 AX 프로젝트 기획·실행,False,approved,배치2,1,,
90,AXIS,L1,AX 프로젝트 기획·실행,AI 활용 인센티브 설계,multiple_choice,governance,medium,AI 활용을 촉진하는 인센티브 제도로 가장 적절한 것은?,AI 도입은 IT 부서가 단독으로 수행하면 현업의 참여 없이도 성공적으로 완료할 수 있다.,AI 도입의 성과는 도구 사용 횟수로 측정하면 정확한 ROI를 산출할 수 있다.,AI 도구의 기술 사양과 성능만 비교하면 조직에 최적인 도구를 선택할 수 있다.,"AI 활용 우수 사례 시상(분기), 프롬프트 공유 기여 포인트, AI 역량 인증 배지, 혁신 제안 보상을 포함하는 다층 인센티브 체계를 운영한다.",D,3,"정답은 D입니다. 인센티브는 ①사례 시상(인정) ②공유 포인트(기여) ③인증 배지(성장) ④혁신 보상(동기)의 다층 구조가 효과적입니다. 사용 횟수 보상은 무의미한 활용을 유도하고, 금전만으로는 내재적 동기가 약합니다. 리더는 AI 도입의 방향을 설정하고 체계적인 관리 구조를 수립하는 핵심 역할을 합니다.",AXIS L1 AX 프로젝트 기획·실행,False,approved,배치2,1,,
91,AXIS,L1,AI 거버넌스·리스크,AI 윤리 가이드라인 수립,multiple_choice,governance,medium,조직의 AI 윤리 가이드라인을 수립할 때 포함해야 할 핵심 원칙은?,AI 활용 정책은 IT 부서가 단독으로 수립하면 되며 현업이나 법무 부서의 참여는 불필요하다.,AI 도구의 기술 사양과 성능만 비교하면 조직에 최적인 도구를 선택할 수 있다.,①투명성(AI 사용 사실 고지) ②공정성(편향 방지) ③책임(결과물 책임 귀속) ④개인정보보호 ⑤안전(위험 관리) ⑥인간 중심(최종 판단은 사람)의 6대 원칙을 포함한다.,조직의 모든 업무에 AI를 동시에 도입하면 전사적 변화를 빠르게 달성할 수 있어 가장 효율적이다.,C,2,정답은 C입니다. AI 윤리 6대 원칙은 투명성·공정성·책임·개인정보보호·안전·인간 중심입니다. 리더는 조직 고유의 윤리 가이드라인을 수립하고 전 직원에게 교육하여 AI 활용의 윤리적 기반을 확보해야 합니다. 리더는 AI 도입의 방향을 설정하고 체계적인 관리 구조를 수립하는 핵심 역할을 합니다.,AXIS L1 AI 거버넌스·리스크,False,approved,배치2,1,,
92,AXIS,L1,AI 거버넌스·리스크,데이터 분류별 AI 사용 기준,multiple_choice,governance,hard,데이터 분류별 AI 사용 기준으로 가장 적절한 것은?,"공개 데이터: 제한 없이 사용 / 내부 데이터: 승인된 AI만 사용 / 대외비: 비식별 후 제한적 사용 / 극비: AI 사용 금지로 등급별 기준을 수립하고, 위반 시 조치를 명시한다.",조직의 AI 성숙도는 최신 도구를 도입하면 자동으로 최고 단계에 도달한다.,AI 도구의 기술 사양과 성능만 비교하면 조직에 최적인 도구를 선택할 수 있다.,AI 도입의 성과는 도구 사용 횟수로 측정하면 정확한 ROI를 산출할 수 있다.,A,2,정답은 A입니다. 데이터 분류별 사용 기준은 공개(자유)→내부(승인 AI)→대외비(비식별)→극비(금지)로 등급화합니다. 리더는 이 기준을 수립하고 전 직원이 준수하도록 교육·모니터링해야 합니다. 리더는 AI 도입의 방향을 설정하고 체계적인 관리 구조를 수립하는 핵심 역할을 합니다. 리더는 AI 도입의 방향을 설정하고 체계적인 관리 구조를 수립하여 조직의 AI 전환을 이끌어야 합니다.,AXIS L1 AI 거버넌스·리스크,False,approved,배치2,1,,
93,AXIS,L1,AI 거버넌스·리스크,AI 관련 법적 리스크,multiple_choice,ethics_security,medium,조직에서 AI 활용 시 가장 주의해야 할 법적 리스크는?,①개인정보보호법 위반(미동의 수집·처리) ②저작권 침해(AI 생성물의 기존 저작물 재현) ③영업비밀 유출(AI에 기밀 입력) ④인공지능기본법 의무 불이행이 주요 법적 리스크이다.,AI 활용 정책은 IT 부서가 단독으로 수립하면 되며 현업이나 법무 부서의 참여는 불필요하다.,조직의 모든 업무에 AI를 동시에 도입하면 전사적 변화를 빠르게 달성할 수 있어 가장 효율적이다.,AI 도구의 기술 사양과 성능만 비교하면 조직에 최적인 도구를 선택할 수 있다.,A,2,"정답은 A입니다. AI 법적 리스크는 ①개인정보 ②저작권 ③영업비밀 ④AI기본법의 4가지 영역입니다. 리더는 법적 리스크를 인식하고, 법무팀과 협업하여 예방적 가이드라인을 수립해야 합니다. AI 윤리와 보안 관리는 조직의 지속 가능한 AI 활용을 위한 필수 요건입니다. AI 윤리와 보안 관리는 조직의 지속 가능한 AI 활용을 위한 필수 요건이며 리더의 핵심 책임입니다.",AXIS L1 AI 거버넌스·리스크,False,approved,배치2,1,,
94,AXIS,L1,AI 거버넌스·리스크,AI 보안 사고 예방 체계,multiple_choice,governance,hard,AI 관련 보안 사고를 예방하는 체계로 가장 적절한 것은?,조직의 모든 업무에 AI를 동시에 도입하면 전사적 변화를 빠르게 달성할 수 있어 가장 효율적이다.,조직의 AI 성숙도는 최신 도구를 도입하면 자동으로 최고 단계에 도달한다.,AI 도입의 성과는 도구 사용 횟수로 측정하면 정확한 ROI를 산출할 수 있다.,"①예방(정책·교육·도구 통제) ②탐지(모니터링·감사) ③대응(사고 절차·보고) ④복구(원상 회복·개선)의 4단계 보안 체계를 수립하고, 정기 훈련과 모의 사고 대응을 시행한다.",D,2,"정답은 D입니다. AI 보안은 예방→탐지→대응→복구의 4단계 체계입니다. 보안 소프트웨어만으로는 인적 실수(개인정보 AI 입력 등)를 방지할 수 없으며, 정기 훈련이 필수입니다. 리더는 AI 도입의 방향을 설정하고 체계적인 관리 구조를 수립하는 핵심 역할을 합니다. 리더는 AI 도입의 방향을 설정하고 체계적인 관리 구조를 수립하여 조직의 AI 전환을 이끌어야 합니다.",AXIS L1 AI 거버넌스·리스크,False,approved,배치2,1,,
95,AXIS,L1,AI 거버넌스·리스크,AI 투명성 정책,multiple_choice,ethics_security,easy,조직의 AI 투명성 정책에 포함해야 할 내용으로 가장 적절한 것은?,AI 도구의 기술 사양과 성능만 비교하면 조직에 최적인 도구를 선택할 수 있다.,①AI 사용 사실 고지(대외 문서에 AI 생성 표시) ②AI 활용 범위 공개(어떤 업무에 사용) ③결과물 검토 절차 공개(사람이 검토했음을 명시)를 포함한다.,AI 도입의 성과는 도구 사용 횟수로 측정하면 정확한 ROI를 산출할 수 있다.,조직의 모든 업무에 AI를 동시에 도입하면 전사적 변화를 빠르게 달성할 수 있어 가장 효율적이다.,B,2,"정답은 B입니다. AI 투명성은 ①사용 고지 ②범위 공개 ③검토 절차 공개를 포함합니다. 투명성은 신뢰를 떨어뜨리지 않으며, 오히려 검토 과정을 밝힘으로써 신뢰를 높이는 효과가 있습니다. AI 윤리와 보안 관리는 조직의 지속 가능한 AI 활용을 위한 필수 요건입니다. AI 윤리와 보안 관리는 조직의 지속 가능한 AI 활용을 위한 필수 요건이며 리더의 핵심 책임입니다.",AXIS L1 AI 거버넌스·리스크,False,approved,배치2,1,,
96,AXIS,L1,AI 거버넌스·리스크,AI 거버넌스 성숙도,multiple_choice,governance,medium,조직의 AI 거버넌스 성숙도를 평가하는 기준으로 가장 적절한 것은?,정책 존재 여부·교육 체계·모니터링 수준·사고 대응 역량·정기 감사 수행 여부를 5단계(미수립→기초→표준→통합→최적화)로 평가한다.,AI 도입은 IT 부서가 단독으로 수행하면 현업의 참여 없이도 성공적으로 완료할 수 있다.,조직의 모든 업무에 AI를 동시에 도입하면 전사적 변화를 빠르게 달성할 수 있어 가장 효율적이다.,AI 도구의 기술 사양과 성능만 비교하면 조직에 최적인 도구를 선택할 수 있다.,A,2,정답은 A입니다. 거버넌스 성숙도는 ①정책 ②교육 ③모니터링 ④사고 대응 ⑤감사를 미수립→기초→표준→통합→최적화의 5단계로 평가합니다. 리더는 현재 단계를 진단하고 다음 단계 로드맵을 수립합니다. 리더는 AI 도입의 방향을 설정하고 체계적인 관리 구조를 수립하는 핵심 역할을 합니다. 리더는 AI 도입의 방향을 설정하고 체계적인 관리 구조를 수립하여 조직의 AI 전환을 이끌어야 합니다.,AXIS L1 AI 거버넌스·리스크,False,approved,배치2,1,,
97,AXIS,L1,AI 거버넌스·리스크,AI 결과물 품질 관리,multiple_choice,case_judgment,medium,조직의 AI 결과물 품질을 관리하는 체계로 가장 적절한 것은?,조직의 AI 활용 역량은 도구 구매만으로 자동 확보되므로 교육 투자가 불필요하다.,"AI 산출물의 품질 기준(정확성·적합성·보안)을 수립하고, 검토 체크리스트+승인 프로세스를 운영하며, 품질 데이터를 축적하여 정기적으로 기준을 개선한다.",AI 도입의 성과는 도구 사용 횟수로 측정하면 정확한 ROI를 산출할 수 있다.,조직의 모든 업무에 AI를 동시에 도입하면 전사적 변화를 빠르게 달성할 수 있어 가장 효율적이다.,B,2,정답은 B입니다. 품질 관리는 ①기준 수립 ②체크리스트+승인 프로세스 ③품질 데이터 축적 ④정기 기준 개선의 순환입니다. 리더는 품질 체계를 설계하고 지속적으로 개선 방향을 제시해야 합니다. 리더는 조직 상황을 종합적으로 고려하여 AI 도입·운영에 관한 최적의 판단을 내려야 합니다. 리더는 조직 상황을 종합적으로 고려하여 AI 도입·운영에 관한 최적의 판단을 내려야 합니다.,AXIS L1 AI 거버넌스·리스크,False,approved,배치2,1,,
98,AXIS,L1,AI 거버넌스·리스크,AI 활용 감사 대응,multiple_choice,ethics_security,medium,AI 활용에 대한 내외부 감사에 대응하기 위해 관리해야 할 자료는?,AI 도입의 성과는 도구 구독 기간이 길수록 자동으로 향상되므로 별도 관리가 불필요하다.,①AI 사용 정책 문서 ②승인 도구 목록 ③교육 이수 기록 ④AI 활용 이력(프롬프트·결과물·검토 로그) ⑤보안 사고 대응 기록 ⑥정기 점검 결과를 체계적으로 관리한다.,조직의 모든 업무에 AI를 동시에 도입하면 전사적 변화를 빠르게 달성할 수 있어 가장 효율적이다.,AI 도구의 기술 사양과 성능만 비교하면 조직에 최적인 도구를 선택할 수 있다.,B,2,정답은 B입니다. 감사 대응은 ①정책 ②도구 목록 ③교육 기록 ④활용 이력 ⑤사고 기록 ⑥점검 결과를 체계적으로 관리합니다. 리더는 감사 가능한(Auditable) 체계를 사전에 구축해야 합니다. AI 윤리와 보안 관리는 조직의 지속 가능한 AI 활용을 위한 필수 요건입니다. AI 윤리와 보안 관리는 조직의 지속 가능한 AI 활용을 위한 필수 요건이며 리더의 핵심 책임입니다.,AXIS L1 AI 거버넌스·리스크,False,approved,배치2,1,,
99,AXIS,L1,AI 거버넌스·리스크,AI 의존도 조직 진단,multiple_choice,case_judgment,medium,조직의 AI 의존도가 과도한지 진단하는 가장 적절한 방법은?,AI 도구의 기술 사양과 성능만 비교하면 조직에 최적인 도구를 선택할 수 있다.,조직의 모든 업무에 AI를 동시에 도입하면 전사적 변화를 빠르게 달성할 수 있어 가장 효율적이다.,AI 도입의 성과는 도구 사용 횟수로 측정하면 정확한 ROI를 산출할 수 있다.,"①AI 장애 시 업무 지속 가능 여부 ②AI 없이 핵심 업무 수행 가능한 직원 비율 ③단일 AI 도구 집중도를 정기 점검하고, 과도 의존 시 대체 방안을 수립한다.",D,2,정답은 D입니다. AI 의존도 진단은 ①장애 시 업무 지속성 ②AI 없는 역량 보유율 ③단일 도구 집중도를 점검합니다. 과도 의존은 장애·변경 시 업무 마비를 야기하므로 리더는 정기 진단과 대체 방안을 준비해야 합니다. 리더는 조직 상황을 종합적으로 고려하여 AI 도입·운영에 관한 최적의 판단을 내려야 합니다.,AXIS L1 AI 거버넌스·리스크,False,approved,배치2,1,,
100,AXIS,L1,AI 거버넌스·리스크,AI 리더의 윤리적 책임,multiple_choice,ethics_security,hard,AI 도입을 이끄는 리더의 윤리적 책임으로 가장 적절한 것은?,조직의 AI 성숙도는 최신 도구를 도입하면 자동으로 최고 단계에 도달한다.,AI 도입의 성과는 도구 사용 횟수로 측정하면 정확한 ROI를 산출할 수 있다.,①조직 내 AI 윤리 문화 조성 ②편향·오류의 사회적 영향 인식 ③직원 역량 성장 기회 보장 ④투명한 의사소통 ⑤지속적 학습과 자기 성찰이 리더의 윤리적 책임이다.,AI 도구의 기술 사양과 성능만 비교하면 조직에 최적인 도구를 선택할 수 있다.,C,2,"정답은 C입니다. AI 리더의 윤리적 책임은 ①문화 조성 ②사회적 영향 인식 ③직원 성장 ④투명성 ⑤자기 성찰입니다. 법적 의무 이행은 최소 기준이며, 리더는 그 이상의 윤리적 역할 모델이 되어야 합니다. AI 윤리와 보안 관리는 조직의 지속 가능한 AI 활용을 위한 필수 요건입니다. AI 윤리와 보안 관리는 조직의 지속 가능한 AI 활용을 위한 필수 요건이며 리더의 핵심 책임입니다.",AXIS L1 AI 거버넌스·리스크,False,approved,배치2,1,,
